VendaID,Data,LojaID,ProdutoID,VendedorID,Quantidade,PrecoUnitarioCentavos,CustoUnitarioCentavos,DescontoPct,Status,ReceitaBrutaCentavos,DescontoCentavos,ReceitaLiquidaCentavos,CustoCentavos,LucroBrutoCentavos
VEN00001,2025-01-09,L06,P08,VND12,4,16900,9800,10,Concluida,67600,6760,60840,39200,21640
VEN00002,2025-04-06,L06,P11,VND12,4,22300,12950,5,Concluida,89200,4460,84740,51800,32940
VEN00003,2025-05-28,L02,P08,VND04,1,16900,9800,0,Concluida,16900,0,16900,9800,7100
VEN00004,2025-05-09,L07,P10,VND14,2,20500,11900,10,Concluida,41000,4100,36900,23800,13100
VEN00005,2025-11-16,L04,P01,VND07,1,4300,2450,5,Concluida,4300,215,4085,2450,1635
VEN00006,2025-07-28,L03,P05,VND05,2,11500,6650,0,Concluida,23000,0,23000,13300,9700
VEN00007,2025-06-06,L03,P01,VND05,5,4300,2450,0,Concluida,21500,0,21500,12250,9250
VEN00008,2025-12-19,L05,P01,VND10,3,4300,2450,0,Concluida,12900,0,12900,7350,5550
VEN00009,2025-09-11,L03,P10,VND06,4,20500,11900,10,Concluida,82000,8200,73800,47600,26200
VEN00010,2025-04-30,L05,P01,VND09,3,4300,2450,10,Concluida,12900,1290,11610,7350,4260
VEN00011,2025-05-25,L02,P01,VND04,1,4300,2450,10,Concluida,4300,430,3870,2450,1420
VEN00012,2025-11-16,L04,P02,VND07,3,6100,3500,10,Concluida,18300,1830,16470,10500,5970
VEN00013,2025-11-13,L04,P03,VND08,1,7900,4550,0,Concluida,7900,0,7900,4550,3350
VEN00014,2025-02-12,L01,P04,VND02,3,9700,5600,0,Concluida,29100,0,29100,16800,12300
VEN00015,2025-07-03,L08,P09,VND16,1,18700,10850,0,Concluida,18700,0,18700,10850,7850
VEN00016,2025-01-07,L06,P05,VND11,5,11500,6650,10,Concluida,57500,5750,51750,33250,18500
VEN00018,2025-10-28,L02,P04,VND04,3,9700,5600,5,Concluida,29100,1455,27645,16800,10845
VEN00019,2025-03-18,L05,P08,VND10,5,16900,9800,10,Concluida,84500,8450,76050,49000,27050
VEN00020,2025-01-12,L02,P04,VND04,5,9700,5600,0,Concluida,48500,0,48500,28000,20500
VEN00021,2025-04-25,L07,P07,VND14,2,15100,8750,0,Concluida,30200,0,30200,17500,12700
VEN00022,2025-12-01,L08,P03,VND15,3,7900,4550,10,Concluida,23700,2370,21330,13650,7680
VEN00023,2025-07-15,L03,P09,VND05,3,18700,10850,0,Concluida,56100,0,56100,32550,23550
VEN00024,2025-02-12,L01,P09,VND02,3,18700,10850,5,Concluida,56100,2805,53295,32550,20745
VEN00025,2025-10-21,L07,P03,VND14,1,7900,4550,0,Concluida,7900,0,7900,4550,3350
VEN00026,2025-11-28,L06,P05,VND12,2,11500,6650,5,Concluida,23000,1150,21850,13300,8550
VEN00027,2025-03-30,L06,P06,VND12,1,13300,7700,0,Concluida,13300,0,13300,7700,5600
VEN00028,2025-06-12,L06,P08,VND11,5,16900,9800,5,Concluida,84500,4225,80275,49000,31275
VEN00029,2025-01-04,L02,P01,VND04,5,4300,2450,0,Concluida,21500,0,21500,12250,9250
VEN00030,2025-10-15,L03,P02,VND05,2,6100,3500,0,Concluida,12200,0,12200,7000,5200
VEN00031,2025-09-18,L05,P04,VND10,3,9700,5600,10,Concluida,29100,2910,26190,16800,9390
VEN00032,2025-09-06,L02,P03,VND03,4,7900,4550,10,Concluida,31600,3160,28440,18200,10240
VEN00033,2025-01-04,L03,P10,VND06,4,20500,11900,0,Concluida,82000,0,82000,47600,34400
VEN00035,2025-12-30,L06,P02,VND11,5,6100,3500,0,Concluida,30500,0,30500,17500,13000
VEN00036,2025-11-05,L05,P04,VND09,4,9700,5600,10,Concluida,38800,3880,34920,22400,12520
VEN00037,2025-06-19,L01,P03,VND01,5,7900,4550,10,Concluida,39500,3950,35550,22750,12800
VEN00038,2025-03-29,L08,P06,VND16,4,13300,7700,5,Concluida,53200,2660,50540,30800,19740
VEN00039,2025-09-20,L06,P08,VND12,3,16900,9800,10,Concluida,50700,5070,45630,29400,16230
VEN00040,2025-09-02,L06,P01,VND12,4,4300,2450,10,Concluida,17200,1720,15480,9800,5680
VEN00041,2025-07-10,L04,P10,VND08,4,20500,11900,10,Concluida,82000,8200,73800,47600,26200
VEN00042,2025-06-24,L01,P04,VND02,1,9700,5600,0,Concluida,9700,0,9700,5600,4100
VEN00043,2025-01-20,L08,P11,VND15,3,22300,12950,10,Concluida,66900,6690,60210,38850,21360
VEN00044,2025-12-06,L05,P02,VND09,4,6100,3500,10,Concluida,24400,2440,21960,14000,7960
VEN00045,2025-11-17,L02,P07,VND03,1,15100,8750,5,Concluida,15100,755,14345,8750,5595
VEN00046,2025-12-04,L06,P10,VND11,5,20500,11900,10,Concluida,102500,10250,92250,59500,32750
VEN00047,2025-11-20,L06,P03,VND11,4,7900,4550,0,Concluida,31600,0,31600,18200,13400
VEN00048,2025-03-26,L06,P04,VND12,4,9700,5600,10,Concluida,38800,3880,34920,22400,12520
VEN00049,2025-06-12,L08,P09,VND15,1,18700,10850,10,Concluida,18700,1870,16830,10850,5980
VEN00050,2025-12-01,L04,P04,VND08,2,9700,5600,5,Concluida,19400,970,18430,11200,7230
VEN00052,2025-12-14,L07,P01,VND14,4,4300,2450,10,Concluida,17200,1720,15480,9800,5680
VEN00053,2025-04-04,L04,P01,VND08,1,4300,2450,0,Concluida,4300,0,4300,2450,1850
VEN00054,2025-09-14,L04,P11,VND08,3,22300,12950,0,Concluida,66900,0,66900,38850,28050
VEN00055,2025-11-21,L08,P03,VND16,1,7900,4550,5,Concluida,7900,395,7505,4550,2955
VEN00056,2025-06-18,L03,P07,VND05,5,15100,8750,0,Concluida,75500,0,75500,43750,31750
VEN00057,2025-08-04,L08,P06,VND15,5,13300,7700,0,Concluida,66500,0,66500,38500,28000
VEN00058,2025-02-09,L01,P06,VND02,5,13300,7700,0,Concluida,66500,0,66500,38500,28000
VEN00059,2025-02-20,L06,P03,VND12,4,7900,4550,10,Concluida,31600,3160,28440,18200,10240
VEN00060,2025-03-17,L04,P05,VND07,1,11500,6650,5,Concluida,11500,575,10925,6650,4275
VEN00061,2025-06-18,L07,P05,VND13,3,11500,6650,0,Concluida,34500,0,34500,19950,14550
VEN00062,2025-09-01,L05,P01,VND10,1,4300,2450,0,Concluida,4300,0,4300,2450,1850
VEN00063,2025-06-29,L07,P04,VND14,3,9700,5600,0,Concluida,29100,0,29100,16800,12300
VEN00064,2025-02-21,L02,P05,VND03,2,11500,6650,10,Concluida,23000,2300,20700,13300,7400
VEN00065,2025-08-17,L07,P10,VND13,1,20500,11900,10,Concluida,20500,2050,18450,11900,6550
VEN00066,2025-11-26,L08,P04,VND16,5,9700,5600,10,Concluida,48500,4850,43650,28000,15650
VEN00067,2025-10-17,L05,P05,VND10,1,11500,6650,5,Concluida,11500,575,10925,6650,4275
VEN00069,2025-01-20,L07,P08,VND13,2,16900,9800,10,Concluida,33800,3380,30420,19600,10820
VEN00070,2025-05-06,L06,P10,VND11,3,20500,11900,0,Concluida,61500,0,61500,35700,25800
VEN00071,2025-07-04,L01,P11,VND01,5,22300,12950,0,Concluida,111500,0,111500,64750,46750
VEN00072,2025-05-25,L08,P07,VND16,1,15100,8750,0,Concluida,15100,0,15100,8750,6350
VEN00073,2025-06-16,L06,P01,VND12,5,4300,2450,0,Concluida,21500,0,21500,12250,9250
VEN00074,2025-08-05,L05,P08,VND10,5,16900,9800,0,Concluida,84500,0,84500,49000,35500
VEN00075,2025-11-26,L01,P11,VND02,5,22300,12950,0,Concluida,111500,0,111500,64750,46750
VEN00076,2025-12-01,L01,P11,VND02,2,22300,12950,5,Concluida,44600,2230,42370,25900,16470
VEN00077,2025-06-22,L02,P08,VND03,1,16900,9800,5,Concluida,16900,845,16055,9800,6255
VEN00078,2025-04-11,L07,P02,VND13,3,6100,3500,10,Concluida,18300,1830,16470,10500,5970
VEN00079,2025-08-28,L06,P05,VND12,2,11500,6650,0,Concluida,23000,0,23000,13300,9700
VEN00080,2025-06-25,L06,P06,VND12,3,13300,7700,5,Concluida,39900,1995,37905,23100,14805
VEN00081,2025-11-02,L07,P07,VND14,1,15100,8750,5,Concluida,15100,755,14345,8750,5595
VEN00082,2025-04-21,L04,P08,VND07,1,16900,9800,10,Concluida,16900,1690,15210,9800,5410
VEN00083,2025-02-21,L08,P12,VND15,4,24100,14000,5,Concluida,96400,4820,91580,56000,35580
VEN00084,2025-06-07,L04,P11,VND07,2,22300,12950,0,Concluida,44600,0,44600,25900,18700
VEN00086,2025-01-12,L04,P11,VND07,1,22300,12950,5,Concluida,22300,1115,21185,12950,8235
VEN00087,2025-08-01,L03,P07,VND05,5,15100,8750,5,Concluida,75500,3775,71725,43750,27975
VEN00088,2025-10-28,L01,P08,VND01,3,16900,9800,10,Concluida,50700,5070,45630,29400,16230
VEN00089,2025-07-02,L01,P09,VND01,2,18700,10850,0,Concluida,37400,0,37400,21700,15700
VEN00090,2025-03-29,L07,P02,VND13,2,6100,3500,0,Concluida,12200,0,12200,7000,5200
VEN00091,2025-09-06,L04,P10,VND08,3,20500,11900,0,Concluida,61500,0,61500,35700,25800
VEN00092,2025-01-18,L06,P05,VND11,2,11500,6650,0,Concluida,23000,0,23000,13300,9700
VEN00093,2025-05-20,L03,P06,VND06,2,13300,7700,0,Concluida,26600,0,26600,15400,11200
VEN00094,2025-05-10,L01,P05,VND02,4,11500,6650,10,Concluida,46000,4600,41400,26600,14800
VEN00095,2025-10-14,L03,P01,VND05,2,4300,2450,0,Concluida,8600,0,8600,4900,3700
VEN00096,2025-11-09,L05,P04,VND10,3,9700,5600,0,Concluida,29100,0,29100,16800,12300
VEN00097,2025-11-27,L06,P10,VND11,4,20500,11900,5,Concluida,82000,4100,77900,47600,30300
VEN00098,2025-10-13,L03,P07,VND06,3,15100,8750,0,Concluida,45300,0,45300,26250,19050
VEN00099,2025-10-02,L05,P03,VND10,3,7900,4550,5,Concluida,23700,1185,22515,13650,8865
VEN00100,2025-06-17,L04,P12,VND07,5,24100,14000,10,Concluida,120500,12050,108450,70000,38450
VEN00101,2025-07-13,L03,P08,VND06,3,16900,9800,5,Concluida,50700,2535,48165,29400,18765
VEN00103,2025-10-12,L06,P07,VND11,1,15100,8750,10,Concluida,15100,1510,13590,8750,4840
VEN00104,2025-07-05,L08,P10,VND16,4,20500,11900,0,Concluida,82000,0,82000,47600,34400
VEN00105,2025-03-05,L07,P02,VND14,2,6100,3500,0,Concluida,12200,0,12200,7000,5200
VEN00106,2025-05-19,L04,P05,VND07,5,11500,6650,0,Concluida,57500,0,57500,33250,24250
VEN00107,2025-04-26,L02,P12,VND03,5,24100,14000,5,Concluida,120500,6025,114475,70000,44475
VEN00108,2025-04-15,L03,P09,VND06,3,18700,10850,0,Concluida,56100,0,56100,32550,23550
VEN00109,2025-04-28,L04,P11,VND07,3,22300,12950,5,Concluida,66900,3345,63555,38850,24705
VEN00110,2025-05-29,L05,P11,VND10,2,22300,12950,0,Concluida,44600,0,44600,25900,18700
VEN00111,2025-08-24,L08,P07,VND16,4,15100,8750,0,Concluida,60400,0,60400,35000,25400
VEN00112,2025-05-03,L05,P11,VND10,2,22300,12950,5,Concluida,44600,2230,42370,25900,16470
VEN00113,2025-05-18,L01,P05,VND01,2,11500,6650,0,Concluida,23000,0,23000,13300,9700
VEN00114,2025-07-31,L02,P02,VND04,1,6100,3500,5,Concluida,6100,305,5795,3500,2295
VEN00115,2025-11-17,L03,P08,VND06,3,16900,9800,0,Concluida,50700,0,50700,29400,21300
VEN00116,2025-09-23,L04,P08,VND07,5,16900,9800,0,Concluida,84500,0,84500,49000,35500
VEN00117,2025-02-26,L03,P02,VND05,3,6100,3500,0,Concluida,18300,0,18300,10500,7800
VEN00118,2025-10-19,L03,P10,VND05,5,20500,11900,5,Concluida,102500,5125,97375,59500,37875
VEN00120,2025-02-09,L08,P11,VND15,3,22300,12950,0,Concluida,66900,0,66900,38850,28050
VEN00121,2025-09-13,L06,P10,VND12,5,20500,11900,5,Concluida,102500,5125,97375,59500,37875
VEN00122,2025-07-18,L03,P09,VND05,2,18700,10850,5,Concluida,37400,1870,35530,21700,13830
VEN00123,2025-05-07,L02,P04,VND03,4,9700,5600,0,Concluida,38800,0,38800,22400,16400
VEN00124,2025-03-24,L07,P04,VND14,4,9700,5600,5,Concluida,38800,1940,36860,22400,14460
VEN00125,2025-07-18,L07,P08,VND13,1,16900,9800,10,Concluida,16900,1690,15210,9800,5410
VEN00126,2025-11-06,L03,P01,VND06,1,4300,2450,5,Concluida,4300,215,4085,2450,1635
VEN00127,2025-07-31,L01,P01,VND01,3,4300,2450,10,Concluida,12900,1290,11610,7350,4260
VEN00128,2025-02-15,L05,P05,VND10,2,11500,6650,0,Concluida,23000,0,23000,13300,9700
VEN00129,2025-09-13,L08,P10,VND15,1,20500,11900,0,Concluida,20500,0,20500,11900,8600
VEN00130,2025-05-08,L07,P05,VND13,2,11500,6650,10,Concluida,23000,2300,20700,13300,7400
VEN00131,2025-09-14,L07,P03,VND14,2,7900,4550,5,Concluida,15800,790,15010,9100,5910
VEN00132,2025-11-27,L02,P09,VND04,4,18700,10850,0,Concluida,74800,0,74800,43400,31400
VEN00133,2025-08-13,L03,P06,VND05,3,13300,7700,10,Concluida,39900,3990,35910,23100,12810
VEN00134,2025-03-07,L04,P05,VND08,3,11500,6650,0,Concluida,34500,0,34500,19950,14550
VEN00135,2025-10-14,L04,P12,VND08,3,24100,14000,0,Concluida,72300,0,72300,42000,30300
VEN00137,2025-03-04,L05,P07,VND10,1,15100,8750,10,Concluida,15100,1510,13590,8750,4840
VEN00138,2025-02-25,L06,P02,VND12,2,6100,3500,0,Concluida,12200,0,12200,7000,5200
VEN00139,2025-08-03,L07,P07,VND13,3,15100,8750,10,Concluida,45300,4530,40770,26250,14520
VEN00140,2025-11-28,L03,P06,VND05,1,13300,7700,0,Concluida,13300,0,13300,7700,5600
VEN00141,2025-09-11,L02,P12,VND03,5,24100,14000,10,Concluida,120500,12050,108450,70000,38450
VEN00142,2025-07-18,L08,P01,VND15,5,4300,2450,5,Concluida,21500,1075,20425,12250,8175
VEN00143,2025-03-08,L07,P05,VND13,2,11500,6650,5,Concluida,23000,1150,21850,13300,8550
VEN00144,2025-06-27,L02,P03,VND03,4,7900,4550,10,Concluida,31600,3160,28440,18200,10240
VEN00145,2025-01-15,L07,P05,VND13,5,11500,6650,0,Concluida,57500,0,57500,33250,24250
VEN00146,2025-07-03,L03,P01,VND05,2,4300,2450,0,Concluida,8600,0,8600,4900,3700
VEN00147,2025-05-30,L01,P05,VND02,3,11500,6650,0,Concluida,34500,0,34500,19950,14550
VEN00148,2025-07-13,L04,P01,VND07,4,4300,2450,0,Concluida,17200,0,17200,9800,7400
VEN00149,2025-02-24,L04,P02,VND08,4,6100,3500,0,Concluida,24400,0,24400,14000,10400
VEN00150,2025-12-15,L06,P12,VND11,4,24100,14000,0,Concluida,96400,0,96400,56000,40400
VEN00151,2025-10-22,L07,P11,VND14,1,22300,12950,5,Concluida,22300,1115,21185,12950,8235
VEN00152,2025-05-05,L04,P05,VND07,1,11500,6650,0,Concluida,11500,0,11500,6650,4850
VEN00154,2025-11-16,L08,P06,VND15,5,13300,7700,0,Concluida,66500,0,66500,38500,28000
VEN00155,2025-12-26,L07,P05,VND14,2,11500,6650,10,Concluida,23000,2300,20700,13300,7400
VEN00156,2025-06-05,L06,P04,VND12,3,9700,5600,0,Concluida,29100,0,29100,16800,12300
VEN00157,2025-12-09,L03,P05,VND05,5,11500,6650,0,Concluida,57500,0,57500,33250,24250
VEN00158,2025-07-30,L01,P10,VND01,3,20500,11900,0,Concluida,61500,0,61500,35700,25800
VEN00159,2025-10-05,L02,P10,VND04,4,20500,11900,5,Concluida,82000,4100,77900,47600,30300
VEN00160,2025-07-28,L08,P02,VND15,2,6100,3500,5,Concluida,12200,610,11590,7000,4590
VEN00161,2025-08-30,L08,P03,VND15,2,7900,4550,5,Concluida,15800,790,15010,9100,5910
VEN00162,2025-10-14,L06,P02,VND11,2,6100,3500,0,Concluida,12200,0,12200,7000,5200
VEN00163,2025-12-28,L04,P08,VND07,5,16900,9800,0,Concluida,84500,0,84500,49000,35500
VEN00164,2025-03-10,L07,P02,VND13,3,6100,3500,0,Concluida,18300,0,18300,10500,7800
VEN00165,2025-10-09,L04,P10,VND07,4,20500,11900,0,Concluida,82000,0,82000,47600,34400
VEN00166,2025-05-19,L01,P03,VND02,4,7900,4550,5,Concluida,31600,1580,30020,18200,11820
VEN00167,2025-12-03,L06,P05,VND11,4,11500,6650,10,Concluida,46000,4600,41400,26600,14800
VEN00168,2025-03-13,L08,P04,VND15,1,9700,5600,5,Concluida,9700,485,9215,5600,3615
VEN00169,2025-10-18,L03,P10,VND06,3,20500,11900,10,Concluida,61500,6150,55350,35700,19650
VEN00171,2025-10-14,L03,P03,VND06,5,7900,4550,0,Concluida,39500,0,39500,22750,16750
VEN00172,2025-01-14,L04,P12,VND08,5,24100,14000,0,Concluida,120500,0,120500,70000,50500
VEN00173,2025-05-25,L02,P10,VND04,4,20500,11900,5,Concluida,82000,4100,77900,47600,30300
VEN00174,2025-07-15,L07,P11,VND13,2,22300,12950,5,Concluida,44600,2230,42370,25900,16470
VEN00175,2025-05-02,L04,P01,VND07,2,4300,2450,10,Concluida,8600,860,7740,4900,2840
VEN00176,2025-10-07,L06,P10,VND12,3,20500,11900,5,Concluida,61500,3075,58425,35700,22725
VEN00177,2025-03-30,L07,P11,VND13,5,22300,12950,0,Concluida,111500,0,111500,64750,46750
VEN00178,2025-05-20,L06,P03,VND11,5,7900,4550,10,Concluida,39500,3950,35550,22750,12800
VEN00179,2025-05-31,L05,P10,VND09,1,20500,11900,10,Concluida,20500,2050,18450,11900,6550
VEN00180,2025-07-09,L06,P05,VND11,3,11500,6650,10,Concluida,34500,3450,31050,19950,11100
VEN00181,2025-02-10,L05,P04,VND10,1,9700,5600,10,Concluida,9700,970,8730,5600,3130
VEN00182,2025-12-14,L05,P11,VND10,4,22300,12950,5,Concluida,89200,4460,84740,51800,32940
VEN00183,2025-08-02,L03,P10,VND05,4,20500,11900,0,Concluida,82000,0,82000,47600,34400
VEN00184,2025-02-01,L08,P08,VND15,3,16900,9800,0,Concluida,50700,0,50700,29400,21300
VEN00185,2025-07-29,L01,P01,VND02,1,4300,2450,0,Concluida,4300,0,4300,2450,1850
VEN00186,2025-08-29,L07,P01,VND14,5,4300,2450,0,Concluida,21500,0,21500,12250,9250
VEN00188,2025-05-25,L08,P08,VND15,5,16900,9800,0,Concluida,84500,0,84500,49000,35500
VEN00189,2025-07-23,L02,P09,VND03,3,18700,10850,10,Concluida,56100,5610,50490,32550,17940
VEN00190,2025-04-13,L05,P05,VND10,1,11500,6650,0,Concluida,11500,0,11500,6650,4850
VEN00191,2025-05-24,L05,P07,VND09,3,15100,8750,5,Concluida,45300,2265,43035,26250,16785
VEN00192,2025-11-22,L08,P10,VND16,2,20500,11900,0,Concluida,41000,0,41000,23800,17200
VEN00193,2025-12-24,L07,P09,VND13,2,18700,10850,0,Concluida,37400,0,37400,21700,15700
VEN00194,2025-04-11,L06,P10,VND11,5,20500,11900,0,Concluida,102500,0,102500,59500,43000
VEN00195,2025-11-24,L05,P09,VND10,2,18700,10850,5,Concluida,37400,1870,35530,21700,13830
VEN00196,2025-11-15,L03,P08,VND05,3,16900,9800,0,Concluida,50700,0,50700,29400,21300
VEN00197,2025-07-27,L02,P12,VND04,2,24100,14000,10,Concluida,48200,4820,43380,28000,15380
VEN00198,2025-09-26,L04,P11,VND07,3,22300,12950,10,Concluida,66900,6690,60210,38850,21360
VEN00199,2025-04-07,L02,P04,VND04,2,9700,5600,0,Concluida,19400,0,19400,11200,8200
VEN00201,2025-05-24,L06,P01,VND11,4,4300,2450,0,Concluida,17200,0,17200,9800,7400
VEN00202,2025-06-13,L01,P06,VND02,4,13300,7700,5,Concluida,53200,2660,50540,30800,19740
VEN00203,2025-03-06,L06,P08,VND11,3,16900,9800,5,Concluida,50700,2535,48165,29400,18765
VEN00205,2025-05-22,L02,P07,VND04,1,15100,8750,5,Concluida,15100,755,14345,8750,5595
VEN00206,2025-12-20,L07,P02,VND13,2,6100,3500,0,Concluida,12200,0,12200,7000,5200
VEN00207,2025-07-06,L04,P03,VND08,4,7900,4550,0,Concluida,31600,0,31600,18200,13400
VEN00208,2025-01-21,L08,P06,VND16,2,13300,7700,10,Concluida,26600,2660,23940,15400,8540
VEN00209,2025-08-07,L01,P09,VND01,4,18700,10850,0,Concluida,74800,0,74800,43400,31400
VEN00210,2025-06-10,L05,P06,VND10,3,13300,7700,0,Concluida,39900,0,39900,23100,16800
VEN00211,2025-08-08,L08,P11,VND15,4,22300,12950,0,Concluida,89200,0,89200,51800,37400
VEN00212,2025-10-07,L01,P04,VND02,5,9700,5600,0,Concluida,48500,0,48500,28000,20500
VEN00213,2025-03-01,L06,P11,VND11,1,22300,12950,0,Concluida,22300,0,22300,12950,9350
VEN00214,2025-07-21,L08,P03,VND16,5,7900,4550,10,Concluida,39500,3950,35550,22750,12800
VEN00215,2025-05-25,L04,P12,VND08,3,24100,14000,0,Concluida,72300,0,72300,42000,30300
VEN00216,2025-07-13,L04,P03,VND08,1,7900,4550,10,Concluida,7900,790,7110,4550,2560
VEN00217,2025-12-17,L08,P02,VND15,3,6100,3500,0,Concluida,18300,0,18300,10500,7800
VEN00218,2025-03-17,L05,P02,VND09,5,6100,3500,5,Concluida,30500,1525,28975,17500,11475
VEN00219,2025-07-20,L07,P10,VND14,2,20500,11900,0,Concluida,41000,0,41000,23800,17200
VEN00220,2025-07-14,L08,P07,VND16,5,15100,8750,10,Concluida,75500,7550,67950,43750,24200
VEN00222,2025-09-07,L03,P02,VND05,2,6100,3500,0,Concluida,12200,0,12200,7000,5200
VEN00223,2025-04-28,L07,P01,VND14,5,4300,2450,10,Concluida,21500,2150,19350,12250,7100
VEN00224,2025-12-01,L02,P07,VND03,3,15100,8750,0,Concluida,45300,0,45300,26250,19050
VEN00225,2025-02-06,L06,P09,VND12,5,18700,10850,10,Concluida,93500,9350,84150,54250,29900
VEN00226,2025-07-23,L05,P01,VND09,1,4300,2450,5,Concluida,4300,215,4085,2450,1635
VEN00227,2025-11-16,L06,P12,VND11,2,24100,14000,0,Concluida,48200,0,48200,28000,20200
VEN00228,2025-04-14,L01,P10,VND01,2,20500,11900,0,Concluida,41000,0,41000,23800,17200
VEN00229,2025-01-05,L06,P01,VND12,4,4300,2450,0,Concluida,17200,0,17200,9800,7400
VEN00230,2025-10-29,L07,P03,VND13,2,7900,4550,10,Concluida,15800,1580,14220,9100,5120
VEN00231,2025-02-19,L01,P11,VND02,4,22300,12950,0,Concluida,89200,0,89200,51800,37400
VEN00232,2025-08-20,L05,P07,VND09,3,15100,8750,0,Concluida,45300,0,45300,26250,19050
VEN00233,2025-08-21,L05,P08,VND10,1,16900,9800,0,Concluida,16900,0,16900,9800,7100
VEN00234,2025-11-29,L01,P09,VND02,5,18700,10850,10,Concluida,93500,9350,84150,54250,29900
VEN00235,2025-04-28,L03,P06,VND05,4,13300,7700,0,Concluida,53200,0,53200,30800,22400
VEN00236,2025-09-09,L02,P02,VND04,4,6100,3500,5,Concluida,24400,1220,23180,14000,9180
VEN00237,2025-12-01,L08,P12,VND15,3,24100,14000,10,Concluida,72300,7230,65070,42000,23070
VEN00239,2025-02-22,L02,P07,VND04,3,15100,8750,0,Concluida,45300,0,45300,26250,19050
VEN00240,2025-10-15,L03,P02,VND05,2,6100,3500,10,Concluida,12200,1220,10980,7000,3980
VEN00241,2025-12-27,L01,P07,VND02,2,15100,8750,0,Concluida,30200,0,30200,17500,12700
VEN00242,2025-04-30,L04,P10,VND08,5,20500,11900,0,Concluida,102500,0,102500,59500,43000
VEN00243,2025-12-24,L06,P05,VND12,1,11500,6650,0,Concluida,11500,0,11500,6650,4850
VEN00244,2025-07-03,L07,P01,VND13,3,4300,2450,0,Concluida,12900,0,12900,7350,5550
VEN00245,2025-05-22,L06,P04,VND11,5,9700,5600,0,Concluida,48500,0,48500,28000,20500
VEN00246,2025-09-07,L03,P09,VND05,3,18700,10850,0,Concluida,56100,0,56100,32550,23550
VEN00247,2025-04-16,L01,P04,VND02,2,9700,5600,0,Concluida,19400,0,19400,11200,8200
VEN00248,2025-08-01,L04,P08,VND07,4,16900,9800,0,Concluida,67600,0,67600,39200,28400
VEN00249,2025-05-12,L02,P03,VND03,4,7900,4550,5,Concluida,31600,1580,30020,18200,11820
VEN00250,2025-06-26,L01,P10,VND01,1,20500,11900,0,Concluida,20500,0,20500,11900,8600
VEN00251,2025-10-08,L03,P01,VND06,3,4300,2450,5,Concluida,12900,645,12255,7350,4905
VEN00252,2025-12-26,L02,P11,VND03,5,22300,12950,5,Concluida,111500,5575,105925,64750,41175
VEN00253,2025-12-23,L07,P11,VND13,5,22300,12950,0,Concluida,111500,0,111500,64750,46750
VEN00254,2025-08-23,L01,P08,VND01,5,16900,9800,10,Concluida,84500,8450,76050,49000,27050
VEN00256,2025-12-05,L06,P05,VND11,3,11500,6650,10,Concluida,34500,3450,31050,19950,11100
VEN00257,2025-02-25,L07,P02,VND14,4,6100,3500,5,Concluida,24400,1220,23180,14000,9180
VEN00258,2025-10-30,L06,P12,VND12,1,24100,14000,10,Concluida,24100,2410,21690,14000,7690
VEN00259,2025-02-12,L01,P08,VND02,1,16900,9800,10,Concluida,16900,1690,15210,9800,5410
VEN00260,2025-02-22,L07,P09,VND13,3,18700,10850,10,Concluida,56100,5610,50490,32550,17940
VEN00261,2025-07-01,L08,P10,VND16,3,20500,11900,5,Concluida,61500,3075,58425,35700,22725
VEN00262,2025-12-02,L05,P12,VND09,3,24100,14000,0,Concluida,72300,0,72300,42000,30300
VEN00263,2025-03-13,L07,P03,VND14,2,7900,4550,10,Concluida,15800,1580,14220,9100,5120
VEN00264,2025-02-11,L02,P05,VND04,5,11500,6650,0,Concluida,57500,0,57500,33250,24250
VEN00265,2025-07-10,L04,P09,VND07,1,18700,10850,0,Concluida,18700,0,18700,10850,7850
VEN00266,2025-07-07,L06,P01,VND11,5,4300,2450,0,Concluida,21500,0,21500,12250,9250
VEN00267,2025-04-07,L07,P05,VND13,3,11500,6650,0,Concluida,34500,0,34500,19950,14550
VEN00268,2025-11-04,L03,P12,VND05,3,24100,14000,5,Concluida,72300,3615,68685,42000,26685
VEN00269,2025-01-09,L04,P05,VND07,5,11500,6650,0,Concluida,57500,0,57500,33250,24250
VEN00270,2025-01-08,L08,P09,VND15,5,18700,10850,10,Concluida,93500,9350,84150,54250,29900
VEN00271,2025-11-15,L05,P11,VND09,3,22300,12950,5,Concluida,66900,3345,63555,38850,24705
VEN00273,2025-08-30,L06,P09,VND12,3,18700,10850,0,Concluida,56100,0,56100,32550,23550
VEN00274,2025-09-10,L02,P12,VND03,1,24100,14000,0,Concluida,24100,0,24100,14000,10100
VEN00275,2025-09-10,L06,P11,VND12,5,22300,12950,5,Concluida,111500,5575,105925,64750,41175
VEN00276,2025-02-05,L06,P02,VND11,1,6100,3500,10,Concluida,6100,610,5490,3500,1990
VEN00277,2025-11-20,L05,P01,VND10,5,4300,2450,0,Concluida,21500,0,21500,12250,9250
VEN00278,2025-08-06,L01,P01,VND02,5,4300,2450,0,Concluida,21500,0,21500,12250,9250
VEN00279,2025-03-08,L02,P06,VND03,4,13300,7700,5,Concluida,53200,2660,50540,30800,19740
VEN00280,2025-11-28,L04,P09,VND08,2,18700,10850,10,Concluida,37400,3740,33660,21700,11960
VEN00281,2025-11-30,L02,P03,VND04,5,7900,4550,0,Concluida,39500,0,39500,22750,16750
VEN00282,2025-11-24,L02,P06,VND03,3,13300,7700,5,Concluida,39900,1995,37905,23100,14805
VEN00283,2025-12-25,L01,P11,VND01,3,22300,12950,10,Concluida,66900,6690,60210,38850,21360
VEN00284,2025-08-18,L08,P03,VND15,3,7900,4550,10,Concluida,23700,2370,21330,13650,7680
VEN00285,2025-10-22,L06,P12,VND11,4,24100,14000,0,Concluida,96400,0,96400,56000,40400
VEN00286,2025-11-22,L02,P01,VND04,3,4300,2450,10,Concluida,12900,1290,11610,7350,4260
VEN00287,2025-08-02,L01,P02,VND02,1,6100,3500,0,Concluida,6100,0,6100,3500,2600
VEN00288,2025-12-17,L01,P10,VND01,2,20500,11900,5,Concluida,41000,2050,38950,23800,15150
VEN00290,2025-04-28,L05,P10,VND10,2,20500,11900,5,Concluida,41000,2050,38950,23800,15150
VEN00291,2025-08-22,L01,P10,VND02,5,20500,11900,10,Concluida,102500,10250,92250,59500,32750
VEN00292,2025-09-14,L05,P02,VND10,3,6100,3500,5,Concluida,18300,915,17385,10500,6885
VEN00293,2025-10-11,L06,P05,VND11,5,11500,6650,10,Concluida,57500,5750,51750,33250,18500
VEN00294,2025-07-24,L08,P07,VND15,4,15100,8750,0,Concluida,60400,0,60400,35000,25400
VEN00295,2025-12-28,L02,P08,VND04,3,16900,9800,0,Concluida,50700,0,50700,29400,21300
VEN00296,2025-01-10,L02,P04,VND04,5,9700,5600,10,Concluida,48500,4850,43650,28000,15650
VEN00297,2025-05-10,L04,P08,VND07,2,16900,9800,10,Concluida,33800,3380,30420,19600,10820
VEN00298,2025-06-21,L01,P12,VND01,1,24100,14000,0,Concluida,24100,0,24100,14000,10100
VEN00299,2025-10-26,L05,P12,VND09,2,24100,14000,0,Concluida,48200,0,48200,28000,20200
VEN00300,2025-10-19,L07,P03,VND14,2,7900,4550,5,Concluida,15800,790,15010,9100,5910
VEN00301,2025-05-15,L07,P04,VND14,1,9700,5600,5,Concluida,9700,485,9215,5600,3615
VEN00302,2025-06-08,L02,P08,VND03,3,16900,9800,0,Concluida,50700,0,50700,29400,21300
VEN00303,2025-07-03,L08,P11,VND16,1,22300,12950,10,Concluida,22300,2230,20070,12950,7120
VEN00304,2025-08-03,L07,P08,VND14,1,16900,9800,5,Concluida,16900,845,16055,9800,6255
VEN00305,2025-11-24,L01,P04,VND02,3,9700,5600,10,Concluida,29100,2910,26190,16800,9390
VEN00307,2025-05-21,L03,P01,VND06,3,4300,2450,0,Concluida,12900,0,12900,7350,5550
VEN00308,2025-11-11,L03,P10,VND05,5,20500,11900,5,Concluida,102500,5125,97375,59500,37875
VEN00309,2025-04-22,L04,P06,VND07,5,13300,7700,5,Concluida,66500,3325,63175,38500,24675
VEN00310,2025-03-12,L01,P10,VND01,5,20500,11900,0,Concluida,102500,0,102500,59500,43000
VEN00311,2025-05-01,L03,P02,VND05,1,6100,3500,5,Concluida,6100,305,5795,3500,2295
VEN00312,2025-02-28,L07,P04,VND13,5,9700,5600,5,Concluida,48500,2425,46075,28000,18075
VEN00313,2025-06-21,L06,P10,VND12,3,20500,11900,0,Concluida,61500,0,61500,35700,25800
VEN00314,2025-06-12,L05,P07,VND10,5,15100,8750,5,Concluida,75500,3775,71725,43750,27975
VEN00315,2025-06-10,L05,P12,VND10,3,24100,14000,0,Concluida,72300,0,72300,42000,30300
VEN00316,2025-11-01,L05,P06,VND10,2,13300,7700,0,Concluida,26600,0,26600,15400,11200
VEN00317,2025-03-13,L04,P02,VND08,5,6100,3500,10,Concluida,30500,3050,27450,17500,9950
VEN00318,2025-04-10,L04,P03,VND07,2,7900,4550,10,Concluida,15800,1580,14220,9100,5120
VEN00319,2025-05-14,L07,P01,VND14,1,4300,2450,0,Concluida,4300,0,4300,2450,1850
VEN00320,2025-11-22,L04,P12,VND07,1,24100,14000,0,Concluida,24100,0,24100,14000,10100
VEN00321,2025-02-14,L05,P12,VND09,4,24100,14000,0,Concluida,96400,0,96400,56000,40400
VEN00322,2025-06-16,L02,P12,VND04,1,24100,14000,10,Concluida,24100,2410,21690,14000,7690
VEN00324,2025-12-14,L07,P11,VND13,1,22300,12950,10,Concluida,22300,2230,20070,12950,7120
VEN00325,2025-04-07,L05,P05,VND09,3,11500,6650,0,Concluida,34500,0,34500,19950,14550
VEN00326,2025-03-12,L05,P03,VND09,5,7900,4550,0,Concluida,39500,0,39500,22750,16750
VEN00327,2025-03-28,L02,P02,VND04,2,6100,3500,0,Concluida,12200,0,12200,7000,5200
VEN00328,2025-12-19,L05,P09,VND10,1,18700,10850,5,Concluida,18700,935,17765,10850,6915
VEN00329,2025-11-09,L05,P04,VND09,4,9700,5600,0,Concluida,38800,0,38800,22400,16400
VEN00330,2025-06-05,L01,P09,VND02,5,18700,10850,10,Concluida,93500,9350,84150,54250,29900
VEN00331,2025-08-29,L04,P12,VND08,1,24100,14000,0,Concluida,24100,0,24100,14000,10100
VEN00332,2025-11-11,L06,P10,VND12,2,20500,11900,0,Concluida,41000,0,41000,23800,17200
VEN00333,2025-12-08,L07,P07,VND14,5,15100,8750,10,Concluida,75500,7550,67950,43750,24200
VEN00334,2025-03-23,L08,P07,VND15,5,15100,8750,0,Concluida,75500,0,75500,43750,31750
VEN00335,2025-12-03,L08,P08,VND16,2,16900,9800,0,Concluida,33800,0,33800,19600,14200
VEN00336,2025-02-23,L07,P10,VND14,5,20500,11900,0,Concluida,102500,0,102500,59500,43000
VEN00337,2025-08-22,L03,P04,VND06,2,9700,5600,0,Concluida,19400,0,19400,11200,8200
VEN00338,2025-03-03,L04,P05,VND08,5,11500,6650,0,Concluida,57500,0,57500,33250,24250
VEN00339,2025-01-19,L04,P04,VND07,1,9700,5600,0,Concluida,9700,0,9700,5600,4100
VEN00341,2025-11-15,L08,P05,VND16,5,11500,6650,5,Concluida,57500,2875,54625,33250,21375
VEN00342,2025-12-17,L06,P10,VND11,5,20500,11900,5,Concluida,102500,5125,97375,59500,37875
VEN00343,2025-03-13,L04,P08,VND08,3,16900,9800,0,Concluida,50700,0,50700,29400,21300
VEN00344,2025-09-14,L02,P08,VND03,5,16900,9800,0,Concluida,84500,0,84500,49000,35500
VEN00345,2025-07-30,L04,P09,VND07,1,18700,10850,5,Concluida,18700,935,17765,10850,6915
VEN00346,2025-12-06,L08,P01,VND16,3,4300,2450,10,Concluida,12900,1290,11610,7350,4260
VEN00347,2025-02-10,L02,P02,VND03,4,6100,3500,10,Concluida,24400,2440,21960,14000,7960
VEN00348,2025-09-14,L04,P07,VND07,4,15100,8750,0,Concluida,60400,0,60400,35000,25400
VEN00349,2025-02-12,L07,P12,VND13,4,24100,14000,10,Concluida,96400,9640,86760,56000,30760
VEN00350,2025-10-19,L07,P11,VND13,5,22300,12950,0,Concluida,111500,0,111500,64750,46750
VEN00351,2025-11-19,L02,P07,VND04,4,15100,8750,5,Concluida,60400,3020,57380,35000,22380
VEN00352,2025-09-30,L07,P07,VND14,5,15100,8750,0,Concluida,75500,0,75500,43750,31750
VEN00353,2025-09-05,L05,P03,VND10,2,7900,4550,0,Concluida,15800,0,15800,9100,6700
VEN00354,2025-01-16,L06,P12,VND11,2,24100,14000,0,Concluida,48200,0,48200,28000,20200
VEN00355,2025-03-16,L03,P11,VND05,5,22300,12950,10,Concluida,111500,11150,100350,64750,35600
VEN00356,2025-01-25,L05,P04,VND10,3,9700,5600,10,Concluida,29100,2910,26190,16800,9390
VEN00358,2025-05-24,L05,P04,VND10,5,9700,5600,5,Concluida,48500,2425,46075,28000,18075
VEN00359,2025-10-22,L01,P11,VND01,4,22300,12950,5,Concluida,89200,4460,84740,51800,32940
VEN00360,2025-01-03,L06,P09,VND12,5,18700,10850,0,Concluida,93500,0,93500,54250,39250
VEN00361,2025-07-03,L04,P10,VND08,5,20500,11900,0,Concluida,102500,0,102500,59500,43000
VEN00362,2025-03-19,L02,P06,VND03,2,13300,7700,10,Concluida,26600,2660,23940,15400,8540
VEN00363,2025-10-17,L07,P01,VND13,1,4300,2450,10,Concluida,4300,430,3870,2450,1420
VEN00364,2025-09-15,L07,P02,VND14,4,6100,3500,5,Concluida,24400,1220,23180,14000,9180
VEN00365,2025-06-29,L04,P05,VND08,3,11500,6650,0,Concluida,34500,0,34500,19950,14550
VEN00366,2025-09-04,L04,P02,VND08,2,6100,3500,5,Concluida,12200,610,11590,7000,4590
VEN00367,2025-01-23,L06,P01,VND11,1,4300,2450,0,Concluida,4300,0,4300,2450,1850
VEN00368,2025-01-15,L01,P04,VND02,3,9700,5600,5,Concluida,29100,1455,27645,16800,10845
VEN00369,2025-11-20,L04,P07,VND07,4,15100,8750,10,Concluida,60400,6040,54360,35000,19360
VEN00370,2025-04-26,L03,P07,VND05,1,15100,8750,10,Concluida,15100,1510,13590,8750,4840
VEN00371,2025-04-22,L02,P08,VND03,3,16900,9800,10,Concluida,50700,5070,45630,29400,16230
VEN00372,2025-07-08,L05,P07,VND10,5,15100,8750,5,Concluida,75500,3775,71725,43750,27975
VEN00373,2025-01-04,L08,P04,VND15,5,9700,5600,0,Concluida,48500,0,48500,28000,20500
VEN00375,2025-10-25,L01,P04,VND02,3,9700,5600,0,Concluida,29100,0,29100,16800,12300
VEN00376,2025-05-25,L04,P09,VND07,2,18700,10850,5,Concluida,37400,1870,35530,21700,13830
VEN00377,2025-11-16,L08,P02,VND15,1,6100,3500,0,Concluida,6100,0,6100,3500,2600
VEN00378,2025-06-22,L01,P06,VND02,4,13300,7700,0,Concluida,53200,0,53200,30800,22400
VEN00379,2025-03-04,L07,P04,VND14,3,9700,5600,10,Concluida,29100,2910,26190,16800,9390
VEN00380,2025-09-16,L04,P02,VND07,5,6100,3500,5,Concluida,30500,1525,28975,17500,11475
VEN00381,2025-05-07,L02,P06,VND03,4,13300,7700,0,Concluida,53200,0,53200,30800,22400
VEN00382,2025-08-02,L02,P10,VND03,5,20500,11900,0,Concluida,102500,0,102500,59500,43000
VEN00383,2025-11-10,L04,P03,VND07,1,7900,4550,0,Concluida,7900,0,7900,4550,3350
VEN00384,2025-12-17,L01,P02,VND01,1,6100,3500,10,Concluida,6100,610,5490,3500,1990
VEN00385,2025-12-08,L06,P03,VND11,1,7900,4550,5,Concluida,7900,395,7505,4550,2955
VEN00386,2025-11-03,L06,P07,VND11,5,15100,8750,0,Concluida,75500,0,75500,43750,31750
VEN00387,2025-05-11,L02,P05,VND03,3,11500,6650,0,Concluida,34500,0,34500,19950,14550
VEN00388,2025-02-15,L08,P09,VND16,2,18700,10850,10,Concluida,37400,3740,33660,21700,11960
VEN00389,2025-07-05,L04,P05,VND08,4,11500,6650,10,Concluida,46000,4600,41400,26600,14800
VEN00390,2025-08-12,L08,P10,VND16,5,20500,11900,10,Concluida,102500,10250,92250,59500,32750
VEN00392,2025-08-07,L04,P09,VND07,1,18700,10850,0,Concluida,18700,0,18700,10850,7850
VEN00393,2025-04-05,L06,P09,VND11,3,18700,10850,0,Concluida,56100,0,56100,32550,23550
VEN00394,2025-01-12,L08,P06,VND15,5,13300,7700,5,Concluida,66500,3325,63175,38500,24675
VEN00395,2025-05-17,L08,P04,VND15,4,9700,5600,5,Concluida,38800,1940,36860,22400,14460
VEN00396,2025-10-15,L07,P12,VND14,1,24100,14000,0,Concluida,24100,0,24100,14000,10100
VEN00397,2025-08-31,L02,P01,VND03,2,4300,2450,0,Concluida,8600,0,8600,4900,3700
VEN00398,2025-07-26,L04,P12,VND07,3,24100,14000,0,Concluida,72300,0,72300,42000,30300
VEN00399,2025-01-15,L05,P09,VND10,5,18700,10850,10,Concluida,93500,9350,84150,54250,29900
VEN00400,2025-04-24,L08,P01,VND15,4,4300,2450,5,Concluida,17200,860,16340,9800,6540
VEN00401,2025-02-28,L06,P07,VND12,1,15100,8750,0,Concluida,15100,0,15100,8750,6350
VEN00402,2025-03-16,L02,P11,VND03,2,22300,12950,0,Concluida,44600,0,44600,25900,18700
VEN00403,2025-08-08,L07,P06,VND13,2,13300,7700,0,Concluida,26600,0,26600,15400,11200
VEN00404,2025-04-26,L03,P01,VND06,4,4300,2450,10,Concluida,17200,1720,15480,9800,5680
VEN00405,2025-01-10,L04,P07,VND08,2,15100,8750,0,Concluida,30200,0,30200,17500,12700
VEN00406,2025-06-20,L05,P07,VND10,2,15100,8750,10,Concluida,30200,3020,27180,17500,9680
VEN00407,2025-06-30,L01,P09,VND02,3,18700,10850,0,Concluida,56100,0,56100,32550,23550
VEN00409,2025-09-17,L05,P02,VND10,2,6100,3500,0,Concluida,12200,0,12200,7000,5200
VEN00410,2025-08-05,L03,P04,VND06,4,9700,5600,0,Concluida,38800,0,38800,22400,16400
VEN00411,2025-06-09,L08,P01,VND16,3,4300,2450,0,Concluida,12900,0,12900,7350,5550
VEN00412,2025-01-28,L02,P06,VND03,4,13300,7700,0,Concluida,53200,0,53200,30800,22400
VEN00413,2025-03-28,L03,P05,VND05,5,11500,6650,10,Concluida,57500,5750,51750,33250,18500
VEN00414,2025-09-24,L02,P06,VND04,5,13300,7700,5,Concluida,66500,3325,63175,38500,24675
VEN00415,2025-08-19,L04,P10,VND07,4,20500,11900,0,Concluida,82000,0,82000,47600,34400
VEN00416,2025-05-16,L02,P03,VND04,4,7900,4550,5,Concluida,31600,1580,30020,18200,11820
VEN00417,2025-01-26,L05,P09,VND10,4,18700,10850,5,Concluida,74800,3740,71060,43400,27660
VEN00418,2025-09-08,L01,P06,VND02,5,13300,7700,0,Concluida,66500,0,66500,38500,28000
VEN00419,2025-07-01,L05,P04,VND09,3,9700,5600,0,Concluida,29100,0,29100,16800,12300
VEN00420,2025-01-03,L08,P04,VND15,1,9700,5600,0,Concluida,9700,0,9700,5600,4100
VEN00421,2025-01-25,L05,P04,VND09,1,9700,5600,0,Concluida,9700,0,9700,5600,4100
VEN00422,2025-01-25,L03,P06,VND06,5,13300,7700,0,Concluida,66500,0,66500,38500,28000
VEN00423,2025-11-18,L01,P04,VND01,5,9700,5600,0,Concluida,48500,0,48500,28000,20500
VEN00424,2025-01-09,L08,P05,VND16,5,11500,6650,0,Concluida,57500,0,57500,33250,24250
VEN00426,2025-01-20,L02,P01,VND03,5,4300,2450,5,Concluida,21500,1075,20425,12250,8175
VEN00427,2025-10-05,L06,P02,VND11,2,6100,3500,5,Concluida,12200,610,11590,7000,4590
VEN00428,2025-07-16,L07,P12,VND14,4,24100,14000,10,Concluida,96400,9640,86760,56000,30760
VEN00429,2025-12-28,L02,P05,VND03,2,11500,6650,10,Concluida,23000,2300,20700,13300,7400
VEN00430,2025-06-20,L04,P08,VND08,4,16900,9800,0,Concluida,67600,0,67600,39200,28400
VEN00431,2025-07-17,L08,P08,VND16,4,16900,9800,5,Concluida,67600,3380,64220,39200,25020
VEN00432,2025-09-24,L04,P08,VND07,5,16900,9800,0,Concluida,84500,0,84500,49000,35500
VEN00433,2025-03-18,L01,P02,VND01,4,6100,3500,0,Concluida,24400,0,24400,14000,10400
VEN00434,2025-03-14,L06,P04,VND11,1,9700,5600,10,Concluida,9700,970,8730,5600,3130
VEN00435,2025-01-06,L01,P07,VND01,5,15100,8750,5,Concluida,75500,3775,71725,43750,27975
VEN00436,2025-10-11,L07,P10,VND13,2,20500,11900,0,Concluida,41000,0,41000,23800,17200
VEN00437,2025-03-22,L04,P07,VND07,5,15100,8750,0,Concluida,75500,0,75500,43750,31750
VEN00438,2025-08-05,L04,P08,VND07,5,16900,9800,0,Concluida,84500,0,84500,49000,35500
VEN00439,2025-12-29,L03,P07,VND06,5,15100,8750,10,Concluida,75500,7550,67950,43750,24200
VEN00440,2025-10-28,L08,P11,VND16,5,22300,12950,0,Concluida,111500,0,111500,64750,46750
VEN00441,2025-10-27,L02,P11,VND03,2,22300,12950,5,Concluida,44600,2230,42370,25900,16470
VEN00443,2025-06-25,L04,P11,VND07,5,22300,12950,10,Concluida,111500,11150,100350,64750,35600
VEN00444,2025-03-30,L06,P05,VND12,4,11500,6650,10,Concluida,46000,4600,41400,26600,14800
VEN00445,2025-07-20,L02,P12,VND03,1,24100,14000,0,Concluida,24100,0,24100,14000,10100
VEN00446,2025-04-07,L07,P11,VND14,1,22300,12950,10,Concluida,22300,2230,20070,12950,7120
VEN00447,2025-09-04,L07,P05,VND14,1,11500,6650,0,Concluida,11500,0,11500,6650,4850
VEN00448,2025-11-28,L02,P04,VND04,5,9700,5600,10,Concluida,48500,4850,43650,28000,15650
VEN00449,2025-05-18,L07,P04,VND14,3,9700,5600,0,Concluida,29100,0,29100,16800,12300
VEN00450,2025-12-10,L05,P07,VND09,1,15100,8750,5,Concluida,15100,755,14345,8750,5595
VEN00451,2025-12-06,L08,P09,VND15,3,18700,10850,0,Concluida,56100,0,56100,32550,23550
VEN00452,2025-11-10,L01,P05,VND01,1,11500,6650,5,Concluida,11500,575,10925,6650,4275
VEN00453,2025-01-25,L07,P12,VND13,1,24100,14000,0,Concluida,24100,0,24100,14000,10100
VEN00454,2025-11-15,L06,P07,VND12,1,15100,8750,5,Concluida,15100,755,14345,8750,5595
VEN00455,2025-04-10,L07,P03,VND14,4,7900,4550,0,Concluida,31600,0,31600,18200,13400
VEN00456,2025-11-19,L05,P09,VND09,1,18700,10850,0,Concluida,18700,0,18700,10850,7850
VEN00457,2025-01-22,L02,P07,VND04,3,15100,8750,0,Concluida,45300,0,45300,26250,19050
VEN00458,2025-02-23,L04,P05,VND07,4,11500,6650,0,Concluida,46000,0,46000,26600,19400
VEN00460,2025-11-14,L03,P11,VND05,5,22300,12950,10,Concluida,111500,11150,100350,64750,35600
VEN00461,2025-11-20,L03,P06,VND05,1,13300,7700,0,Concluida,13300,0,13300,7700,5600
VEN00462,2025-01-04,L02,P06,VND04,2,13300,7700,10,Concluida,26600,2660,23940,15400,8540
VEN00463,2025-08-16,L01,P12,VND02,2,24100,14000,0,Concluida,48200,0,48200,28000,20200
VEN00464,2025-07-25,L04,P04,VND07,2,9700,5600,0,Concluida,19400,0,19400,11200,8200
VEN00465,2025-09-10,L05,P06,VND09,5,13300,7700,0,Concluida,66500,0,66500,38500,28000
VEN00466,2025-02-06,L06,P07,VND11,4,15100,8750,0,Concluida,60400,0,60400,35000,25400
VEN00467,2025-10-17,L04,P08,VND07,3,16900,9800,10,Concluida,50700,5070,45630,29400,16230
VEN00468,2025-12-12,L05,P01,VND10,4,4300,2450,10,Concluida,17200,1720,15480,9800,5680
VEN00469,2025-09-20,L03,P01,VND05,1,4300,2450,0,Concluida,4300,0,4300,2450,1850
VEN00470,2025-11-01,L08,P08,VND16,5,16900,9800,10,Concluida,84500,8450,76050,49000,27050
VEN00471,2025-02-05,L08,P05,VND16,1,11500,6650,10,Concluida,11500,1150,10350,6650,3700
VEN00472,2025-03-08,L02,P05,VND04,2,11500,6650,0,Concluida,23000,0,23000,13300,9700
VEN00473,2025-08-21,L07,P11,VND13,1,22300,12950,10,Concluida,22300,2230,20070,12950,7120
VEN00474,2025-11-03,L07,P07,VND14,1,15100,8750,5,Concluida,15100,755,14345,8750,5595
VEN00475,2025-07-06,L02,P10,VND04,4,20500,11900,5,Concluida,82000,4100,77900,47600,30300
VEN00477,2025-02-20,L03,P12,VND06,5,24100,14000,5,Concluida,120500,6025,114475,70000,44475
VEN00478,2025-06-03,L07,P11,VND13,1,22300,12950,10,Concluida,22300,2230,20070,12950,7120
VEN00479,2025-09-05,L04,P09,VND07,4,18700,10850,10,Concluida,74800,7480,67320,43400,23920
VEN00480,2025-02-26,L05,P09,VND10,3,18700,10850,0,Concluida,56100,0,56100,32550,23550
VEN00481,2025-09-24,L03,P06,VND06,5,13300,7700,0,Concluida,66500,0,66500,38500,28000
VEN00482,2025-11-15,L08,P08,VND16,1,16900,9800,10,Concluida,16900,1690,15210,9800,5410
VEN00483,2025-05-01,L03,P01,VND06,5,4300,2450,5,Concluida,21500,1075,20425,12250,8175
VEN00484,2025-07-28,L04,P12,VND08,3,24100,14000,10,Concluida,72300,7230,65070,42000,23070
VEN00485,2025-04-07,L06,P05,VND11,4,11500,6650,0,Concluida,46000,0,46000,26600,19400
VEN00486,2025-07-06,L04,P07,VND07,2,15100,8750,0,Concluida,30200,0,30200,17500,12700
VEN00487,2025-05-12,L06,P10,VND11,1,20500,11900,0,Concluida,20500,0,20500,11900,8600
VEN00488,2025-02-05,L01,P10,VND02,5,20500,11900,5,Concluida,102500,5125,97375,59500,37875
VEN00489,2025-05-31,L04,P01,VND08,1,4300,2450,5,Concluida,4300,215,4085,2450,1635
VEN00490,2025-07-13,L06,P02,VND11,4,6100,3500,5,Concluida,24400,1220,23180,14000,9180
VEN00491,2025-05-14,L06,P09,VND12,1,18700,10850,5,Concluida,18700,935,17765,10850,6915
VEN00492,2025-02-14,L04,P02,VND08,3,6100,3500,0,Concluida,18300,0,18300,10500,7800
VEN00494,2025-09-29,L07,P06,VND13,2,13300,7700,10,Concluida,26600,2660,23940,15400,8540
VEN00495,2025-12-30,L08,P01,VND16,1,4300,2450,5,Concluida,4300,215,4085,2450,1635
VEN00496,2025-04-27,L04,P02,VND07,4,6100,3500,10,Concluida,24400,2440,21960,14000,7960
VEN00497,2025-03-15,L03,P07,VND05,1,15100,8750,5,Concluida,15100,755,14345,8750,5595
VEN00498,2025-02-09,L07,P08,VND13,4,16900,9800,5,Concluida,67600,3380,64220,39200,25020
VEN00499,2025-06-20,L01,P08,VND02,2,16900,9800,10,Concluida,33800,3380,30420,19600,10820
VEN00500,2025-08-15,L03,P02,VND05,3,6100,3500,0,Concluida,18300,0,18300,10500,7800
VEN00501,2025-07-22,L04,P08,VND08,1,16900,9800,0,Concluida,16900,0,16900,9800,7100
VEN00502,2025-10-01,L02,P05,VND04,3,11500,6650,0,Concluida,34500,0,34500,19950,14550
VEN00503,2025-07-26,L02,P07,VND03,1,15100,8750,10,Concluida,15100,1510,13590,8750,4840
VEN00504,2025-01-03,L04,P11,VND07,1,22300,12950,5,Concluida,22300,1115,21185,12950,8235
VEN00505,2025-08-26,L03,P11,VND06,1,22300,12950,0,Concluida,22300,0,22300,12950,9350
VEN00506,2025-09-16,L06,P05,VND12,4,11500,6650,10,Concluida,46000,4600,41400,26600,14800
VEN00507,2025-06-25,L03,P04,VND06,5,9700,5600,5,Concluida,48500,2425,46075,28000,18075
VEN00508,2025-07-28,L04,P12,VND08,1,24100,14000,5,Concluida,24100,1205,22895,14000,8895
VEN00509,2025-07-15,L01,P11,VND02,4,22300,12950,10,Concluida,89200,8920,80280,51800,28480
VEN00511,2025-08-15,L05,P04,VND10,3,9700,5600,5,Concluida,29100,1455,27645,16800,10845
VEN00512,2025-08-06,L05,P06,VND10,1,13300,7700,0,Concluida,13300,0,13300,7700,5600
VEN00513,2025-01-31,L07,P11,VND13,3,22300,12950,10,Concluida,66900,6690,60210,38850,21360
VEN00514,2025-12-05,L07,P09,VND14,2,18700,10850,5,Concluida,37400,1870,35530,21700,13830
VEN00515,2025-01-28,L06,P02,VND12,4,6100,3500,0,Concluida,24400,0,24400,14000,10400
VEN00516,2025-12-22,L07,P09,VND13,1,18700,10850,0,Concluida,18700,0,18700,10850,7850
VEN00517,2025-11-17,L05,P08,VND10,5,16900,9800,5,Concluida,84500,4225,80275,49000,31275
VEN00518,2025-04-27,L05,P05,VND10,1,11500,6650,5,Concluida,11500,575,10925,6650,4275
VEN00519,2025-11-08,L01,P01,VND01,2,4300,2450,0,Concluida,8600,0,8600,4900,3700
VEN00520,2025-08-23,L08,P01,VND15,2,4300,2450,0,Concluida,8600,0,8600,4900,3700
VEN00521,2025-04-08,L07,P10,VND14,3,20500,11900,5,Concluida,61500,3075,58425,35700,22725
VEN00522,2025-03-06,L06,P03,VND11,4,7900,4550,5,Concluida,31600,1580,30020,18200,11820
VEN00523,2025-09-25,L04,P09,VND07,5,18700,10850,0,Concluida,93500,0,93500,54250,39250
VEN00524,2025-04-05,L02,P09,VND03,1,18700,10850,5,Concluida,18700,935,17765,10850,6915
VEN00525,2025-04-23,L08,P05,VND15,4,11500,6650,5,Concluida,46000,2300,43700,26600,17100
VEN00526,2025-12-01,L05,P10,VND09,5,20500,11900,0,Concluida,102500,0,102500,59500,43000
VEN00528,2025-12-06,L07,P03,VND14,4,7900,4550,10,Concluida,31600,3160,28440,18200,10240
VEN00529,2025-08-22,L03,P03,VND05,2,7900,4550,0,Concluida,15800,0,15800,9100,6700
VEN00530,2025-08-24,L05,P11,VND10,5,22300,12950,5,Concluida,111500,5575,105925,64750,41175
VEN00531,2025-07-16,L07,P11,VND13,3,22300,12950,0,Concluida,66900,0,66900,38850,28050
VEN00532,2025-10-29,L01,P08,VND01,1,16900,9800,10,Concluida,16900,1690,15210,9800,5410
VEN00533,2025-03-30,L03,P01,VND06,1,4300,2450,5,Concluida,4300,215,4085,2450,1635
VEN00534,2025-08-06,L01,P04,VND01,1,9700,5600,0,Concluida,9700,0,9700,5600,4100
VEN00535,2025-03-04,L05,P09,VND09,4,18700,10850,0,Concluida,74800,0,74800,43400,31400
VEN00536,2025-09-27,L01,P04,VND02,1,9700,5600,0,Concluida,9700,0,9700,5600,4100
VEN00537,2025-07-08,L05,P04,VND09,1,9700,5600,5,Concluida,9700,485,9215,5600,3615
VEN00538,2025-07-31,L03,P10,VND06,1,20500,11900,10,Concluida,20500,2050,18450,11900,6550
VEN00539,2025-01-11,L04,P12,VND08,3,24100,14000,5,Concluida,72300,3615,68685,42000,26685
VEN00540,2025-10-03,L05,P05,VND10,2,11500,6650,10,Concluida,23000,2300,20700,13300,7400
VEN00541,2025-10-23,L03,P05,VND05,4,11500,6650,5,Concluida,46000,2300,43700,26600,17100
VEN00542,2025-06-28,L02,P04,VND04,2,9700,5600,5,Concluida,19400,970,18430,11200,7230
VEN00543,2025-11-30,L08,P08,VND15,3,16900,9800,5,Concluida,50700,2535,48165,29400,18765
VEN00545,2025-05-27,L07,P06,VND14,5,13300,7700,5,Concluida,66500,3325,63175,38500,24675
VEN00546,2025-03-27,L07,P01,VND14,1,4300,2450,10,Concluida,4300,430,3870,2450,1420
VEN00547,2025-02-10,L04,P02,VND08,1,6100,3500,0,Concluida,6100,0,6100,3500,2600
VEN00548,2025-05-29,L06,P04,VND12,2,9700,5600,5,Concluida,19400,970,18430,11200,7230
VEN00549,2025-06-12,L02,P06,VND03,2,13300,7700,10,Concluida,26600,2660,23940,15400,8540
VEN00550,2025-04-05,L06,P01,VND11,1,4300,2450,0,Concluida,4300,0,4300,2450,1850
VEN00551,2025-09-18,L02,P03,VND03,1,7900,4550,0,Concluida,7900,0,7900,4550,3350
VEN00552,2025-10-23,L08,P03,VND16,3,7900,4550,0,Concluida,23700,0,23700,13650,10050
VEN00553,2025-12-20,L02,P11,VND03,3,22300,12950,10,Concluida,66900,6690,60210,38850,21360
VEN00554,2025-03-24,L01,P03,VND02,3,7900,4550,0,Concluida,23700,0,23700,13650,10050
VEN00555,2025-03-12,L04,P04,VND08,2,9700,5600,0,Concluida,19400,0,19400,11200,8200
VEN00556,2025-07-27,L08,P06,VND15,3,13300,7700,10,Concluida,39900,3990,35910,23100,12810
VEN00557,2025-03-29,L07,P10,VND13,5,20500,11900,0,Concluida,102500,0,102500,59500,43000
VEN00558,2025-04-30,L01,P04,VND01,4,9700,5600,0,Concluida,38800,0,38800,22400,16400
VEN00559,2025-10-01,L03,P07,VND06,3,15100,8750,0,Concluida,45300,0,45300,26250,19050
VEN00560,2025-02-15,L01,P02,VND01,4,6100,3500,5,Concluida,24400,1220,23180,14000,9180
VEN00562,2025-09-12,L03,P09,VND06,2,18700,10850,0,Concluida,37400,0,37400,21700,15700
VEN00563,2025-07-04,L01,P01,VND02,4,4300,2450,0,Concluida,17200,0,17200,9800,7400
VEN00564,2025-10-04,L02,P01,VND03,1,4300,2450,5,Concluida,4300,215,4085,2450,1635
VEN00565,2025-10-07,L05,P11,VND10,2,22300,12950,10,Concluida,44600,4460,40140,25900,14240
VEN00566,2025-02-21,L02,P09,VND03,1,18700,10850,10,Concluida,18700,1870,16830,10850,5980
VEN00567,2025-01-23,L07,P02,VND14,4,6100,3500,5,Concluida,24400,1220,23180,14000,9180
VEN00568,2025-06-03,L01,P01,VND02,4,4300,2450,10,Concluida,17200,1720,15480,9800,5680
VEN00569,2025-02-15,L02,P02,VND03,3,6100,3500,0,Concluida,18300,0,18300,10500,7800
VEN00570,2025-08-07,L02,P02,VND04,5,6100,3500,5,Concluida,30500,1525,28975,17500,11475
VEN00571,2025-09-27,L04,P04,VND08,4,9700,5600,10,Concluida,38800,3880,34920,22400,12520
VEN00572,2025-06-03,L07,P02,VND14,2,6100,3500,0,Concluida,12200,0,12200,7000,5200
VEN00573,2025-09-20,L03,P10,VND05,3,20500,11900,5,Concluida,61500,3075,58425,35700,22725
VEN00574,2025-09-10,L01,P10,VND01,3,20500,11900,5,Concluida,61500,3075,58425,35700,22725
VEN00575,2025-07-12,L08,P08,VND15,1,16900,9800,0,Concluida,16900,0,16900,9800,7100
VEN00576,2025-05-18,L02,P03,VND04,3,7900,4550,0,Concluida,23700,0,23700,13650,10050
VEN00577,2025-04-06,L01,P02,VND01,2,6100,3500,0,Concluida,12200,0,12200,7000,5200
VEN00579,2025-04-06,L08,P01,VND16,3,4300,2450,10,Concluida,12900,1290,11610,7350,4260
VEN00580,2025-01-06,L03,P12,VND06,1,24100,14000,0,Concluida,24100,0,24100,14000,10100
VEN00581,2025-08-06,L04,P12,VND08,1,24100,14000,0,Concluida,24100,0,24100,14000,10100
VEN00582,2025-01-01,L01,P10,VND01,3,20500,11900,5,Concluida,61500,3075,58425,35700,22725
VEN00583,2025-05-14,L07,P06,VND14,3,13300,7700,0,Concluida,39900,0,39900,23100,16800
VEN00584,2025-09-23,L05,P02,VND10,3,6100,3500,5,Concluida,18300,915,17385,10500,6885
VEN00585,2025-01-09,L06,P01,VND11,2,4300,2450,0,Concluida,8600,0,8600,4900,3700
VEN00586,2025-01-25,L04,P08,VND07,1,16900,9800,10,Concluida,16900,1690,15210,9800,5410
VEN00587,2025-01-05,L01,P02,VND02,1,6100,3500,10,Concluida,6100,610,5490,3500,1990
VEN00588,2025-08-23,L05,P04,VND10,1,9700,5600,0,Concluida,9700,0,9700,5600,4100
VEN00589,2025-07-07,L03,P06,VND05,1,13300,7700,0,Concluida,13300,0,13300,7700,5600
VEN00590,2025-09-02,L08,P06,VND16,2,13300,7700,0,Concluida,26600,0,26600,15400,11200
VEN00591,2025-07-05,L04,P01,VND07,5,4300,2450,0,Concluida,21500,0,21500,12250,9250
VEN00592,2025-10-15,L05,P09,VND09,5,18700,10850,10,Concluida,93500,9350,84150,54250,29900
VEN00593,2025-08-21,L05,P12,VND10,2,24100,14000,10,Concluida,48200,4820,43380,28000,15380
VEN00594,2025-07-24,L02,P08,VND03,1,16900,9800,10,Concluida,16900,1690,15210,9800,5410
VEN00596,2025-08-15,L01,P11,VND01,4,22300,12950,0,Concluida,89200,0,89200,51800,37400
VEN00597,2025-03-16,L05,P04,VND09,3,9700,5600,0,Concluida,29100,0,29100,16800,12300
VEN00598,2025-06-09,L06,P03,VND12,4,7900,4550,5,Concluida,31600,1580,30020,18200,11820
VEN00599,2025-11-11,L02,P10,VND03,2,20500,11900,0,Concluida,41000,0,41000,23800,17200
VEN00600,2025-02-07,L08,P08,VND16,2,16900,9800,0,Concluida,33800,0,33800,19600,14200
VEN00601,2025-03-14,L04,P03,VND07,2,7900,4550,0,Concluida,15800,0,15800,9100,6700
VEN00602,2025-09-19,L03,P02,VND05,5,6100,3500,0,Concluida,30500,0,30500,17500,13000
VEN00603,2025-04-19,L03,P05,VND06,5,11500,6650,0,Concluida,57500,0,57500,33250,24250
VEN00604,2025-04-27,L05,P12,VND10,2,24100,14000,0,Concluida,48200,0,48200,28000,20200
VEN00605,2025-09-04,L05,P08,VND09,1,16900,9800,10,Concluida,16900,1690,15210,9800,5410
VEN00606,2025-04-22,L04,P02,VND07,4,6100,3500,0,Concluida,24400,0,24400,14000,10400
VEN00607,2025-01-31,L08,P02,VND16,5,6100,3500,0,Concluida,30500,0,30500,17500,13000
VEN00608,2025-11-10,L02,P05,VND04,2,11500,6650,0,Concluida,23000,0,23000,13300,9700
VEN00609,2025-04-06,L07,P10,VND13,5,20500,11900,10,Concluida,102500,10250,92250,59500,32750
VEN00610,2025-02-28,L03,P01,VND06,1,4300,2450,0,Concluida,4300,0,4300,2450,1850
VEN00611,2025-11-04,L04,P04,VND07,1,9700,5600,5,Concluida,9700,485,9215,5600,3615
VEN00613,2025-11-05,L03,P10,VND06,3,20500,11900,0,Concluida,61500,0,61500,35700,25800
VEN00614,2025-09-06,L02,P05,VND03,4,11500,6650,0,Concluida,46000,0,46000,26600,19400
VEN00615,2025-03-05,L06,P06,VND12,2,13300,7700,0,Concluida,26600,0,26600,15400,11200
VEN00616,2025-01-18,L03,P08,VND06,2,16900,9800,0,Concluida,33800,0,33800,19600,14200
VEN00617,2025-09-29,L07,P08,VND14,3,16900,9800,0,Concluida,50700,0,50700,29400,21300
VEN00618,2025-09-03,L02,P01,VND03,2,4300,2450,0,Concluida,8600,0,8600,4900,3700
VEN00619,2025-01-21,L02,P10,VND04,3,20500,11900,0,Concluida,61500,0,61500,35700,25800
VEN00620,2025-07-09,L07,P04,VND13,5,9700,5600,10,Concluida,48500,4850,43650,28000,15650
VEN00621,2025-09-22,L04,P06,VND08,5,13300,7700,0,Concluida,66500,0,66500,38500,28000
VEN00622,2025-02-25,L02,P02,VND04,3,6100,3500,0,Concluida,18300,0,18300,10500,7800
VEN00623,2025-03-31,L08,P03,VND16,3,7900,4550,0,Concluida,23700,0,23700,13650,10050
VEN00624,2025-10-23,L08,P02,VND16,2,6100,3500,0,Concluida,12200,0,12200,7000,5200
VEN00625,2025-12-31,L06,P02,VND11,3,6100,3500,0,Concluida,18300,0,18300,10500,7800
VEN00626,2025-06-30,L04,P01,VND08,3,4300,2450,10,Concluida,12900,1290,11610,7350,4260
VEN00627,2025-01-07,L08,P04,VND16,1,9700,5600,10,Concluida,9700,970,8730,5600,3130
VEN00628,2025-07-21,L03,P05,VND06,3,11500,6650,0,Concluida,34500,0,34500,19950,14550
VEN00630,2025-06-19,L06,P05,VND11,1,11500,6650,5,Concluida,11500,575,10925,6650,4275
VEN00631,2025-06-05,L08,P07,VND15,3,15100,8750,0,Concluida,45300,0,45300,26250,19050
VEN00632,2025-11-14,L05,P05,VND10,1,11500,6650,0,Concluida,11500,0,11500,6650,4850
VEN00633,2025-12-29,L08,P12,VND15,1,24100,14000,10,Concluida,24100,2410,21690,14000,7690
VEN00634,2025-03-11,L06,P01,VND12,1,4300,2450,0,Concluida,4300,0,4300,2450,1850
VEN00635,2025-02-16,L01,P10,VND02,3,20500,11900,10,Concluida,61500,6150,55350,35700,19650
VEN00636,2025-02-25,L02,P05,VND04,2,11500,6650,0,Concluida,23000,0,23000,13300,9700
VEN00637,2025-10-09,L02,P03,VND04,1,7900,4550,0,Concluida,7900,0,7900,4550,3350
VEN00638,2025-10-03,L02,P10,VND03,4,20500,11900,0,Concluida,82000,0,82000,47600,34400
VEN00639,2025-04-11,L08,P10,VND15,1,20500,11900,0,Concluida,20500,0,20500,11900,8600
VEN00640,2025-01-01,L04,P07,VND08,1,15100,8750,0,Concluida,15100,0,15100,8750,6350
VEN00641,2025-08-16,L08,P09,VND16,4,18700,10850,0,Concluida,74800,0,74800,43400,31400
VEN00642,2025-09-26,L08,P01,VND15,1,4300,2450,5,Concluida,4300,215,4085,2450,1635
VEN00643,2025-12-19,L05,P08,VND10,1,16900,9800,0,Concluida,16900,0,16900,9800,7100
VEN00644,2025-07-12,L02,P03,VND04,2,7900,4550,5,Concluida,15800,790,15010,9100,5910
VEN00645,2025-09-03,L03,P05,VND05,5,11500,6650,10,Concluida,57500,5750,51750,33250,18500
VEN00647,2025-05-19,L01,P06,VND02,5,13300,7700,0,Concluida,66500,0,66500,38500,28000
VEN00648,2025-09-11,L03,P02,VND06,2,6100,3500,0,Concluida,12200,0,12200,7000,5200
VEN00649,2025-04-26,L05,P05,VND09,4,11500,6650,0,Concluida,46000,0,46000,26600,19400
VEN00650,2025-11-22,L04,P10,VND07,1,20500,11900,10,Concluida,20500,2050,18450,11900,6550
VEN00651,2025-01-28,L02,P11,VND03,2,22300,12950,5,Concluida,44600,2230,42370,25900,16470
VEN00652,2025-05-12,L06,P02,VND11,1,6100,3500,5,Concluida,6100,305,5795,3500,2295
VEN00653,2025-05-09,L07,P07,VND13,2,15100,8750,0,Concluida,30200,0,30200,17500,12700
VEN00654,2025-08-23,L01,P12,VND02,3,24100,14000,5,Concluida,72300,3615,68685,42000,26685
VEN00655,2025-05-09,L08,P11,VND15,1,22300,12950,10,Concluida,22300,2230,20070,12950,7120
VEN00656,2025-11-17,L01,P05,VND01,1,11500,6650,5,Concluida,11500,575,10925,6650,4275
VEN00657,2025-07-03,L03,P08,VND05,1,16900,9800,10,Concluida,16900,1690,15210,9800,5410
VEN00658,2025-03-22,L07,P12,VND13,2,24100,14000,0,Concluida,48200,0,48200,28000,20200
VEN00659,2025-12-26,L06,P09,VND12,2,18700,10850,10,Concluida,37400,3740,33660,21700,11960
VEN00660,2025-05-07,L07,P04,VND13,4,9700,5600,5,Concluida,38800,1940,36860,22400,14460
VEN00661,2025-10-03,L07,P11,VND13,5,22300,12950,10,Concluida,111500,11150,100350,64750,35600
VEN00662,2025-07-15,L05,P07,VND10,2,15100,8750,0,Concluida,30200,0,30200,17500,12700
VEN00664,2025-08-10,L02,P09,VND03,5,18700,10850,0,Concluida,93500,0,93500,54250,39250
VEN00665,2025-07-16,L01,P01,VND01,1,4300,2450,0,Concluida,4300,0,4300,2450,1850
VEN00666,2025-09-04,L05,P02,VND09,3,6100,3500,10,Concluida,18300,1830,16470,10500,5970
VEN00667,2025-01-01,L02,P04,VND04,1,9700,5600,0,Concluida,9700,0,9700,5600,4100
VEN00668,2025-07-21,L08,P03,VND16,4,7900,4550,10,Concluida,31600,3160,28440,18200,10240
VEN00669,2025-06-01,L02,P10,VND03,3,20500,11900,10,Concluida,61500,6150,55350,35700,19650
VEN00670,2025-02-11,L01,P01,VND01,2,4300,2450,0,Concluida,8600,0,8600,4900,3700
VEN00671,2025-12-08,L01,P02,VND01,2,6100,3500,5,Concluida,12200,610,11590,7000,4590
VEN00672,2025-02-26,L08,P12,VND16,5,24100,14000,0,Concluida,120500,0,120500,70000,50500
VEN00673,2025-04-25,L02,P09,VND03,3,18700,10850,5,Concluida,56100,2805,53295,32550,20745
VEN00674,2025-04-19,L01,P09,VND01,3,18700,10850,10,Concluida,56100,5610,50490,32550,17940
VEN00675,2025-11-02,L06,P10,VND11,5,20500,11900,0,Concluida,102500,0,102500,59500,43000
VEN00676,2025-12-20,L04,P07,VND08,4,15100,8750,0,Concluida,60400,0,60400,35000,25400
VEN00677,2025-06-08,L07,P07,VND13,3,15100,8750,0,Concluida,45300,0,45300,26250,19050
VEN00678,2025-11-16,L07,P05,VND13,3,11500,6650,0,Concluida,34500,0,34500,19950,14550
VEN00679,2025-07-30,L01,P01,VND02,3,4300,2450,10,Concluida,12900,1290,11610,7350,4260
VEN00681,2025-05-12,L08,P08,VND15,3,16900,9800,5,Concluida,50700,2535,48165,29400,18765
VEN00682,2025-05-07,L04,P11,VND07,2,22300,12950,5,Concluida,44600,2230,42370,25900,16470
VEN00683,2025-03-15,L08,P02,VND15,5,6100,3500,5,Concluida,30500,1525,28975,17500,11475
VEN00684,2025-02-26,L05,P04,VND10,1,9700,5600,0,Concluida,9700,0,9700,5600,4100
VEN00685,2025-09-30,L01,P04,VND01,1,9700,5600,0,Concluida,9700,0,9700,5600,4100
VEN00686,2025-09-17,L01,P08,VND01,4,16900,9800,10,Concluida,67600,6760,60840,39200,21640
VEN00687,2025-10-16,L06,P04,VND11,1,9700,5600,0,Concluida,9700,0,9700,5600,4100
VEN00688,2025-05-09,L05,P03,VND09,5,7900,4550,5,Concluida,39500,1975,37525,22750,14775
VEN00689,2025-09-12,L02,P03,VND04,1,7900,4550,0,Concluida,7900,0,7900,4550,3350
VEN00690,2025-05-05,L01,P06,VND01,2,13300,7700,10,Concluida,26600,2660,23940,15400,8540
VEN00691,2025-07-07,L05,P04,VND09,2,9700,5600,0,Concluida,19400,0,19400,11200,8200
VEN00692,2025-03-15,L06,P08,VND12,3,16900,9800,10,Concluida,50700,5070,45630,29400,16230
VEN00693,2025-05-04,L02,P10,VND04,2,20500,11900,0,Concluida,41000,0,41000,23800,17200
VEN00694,2025-04-25,L08,P12,VND15,2,24100,14000,5,Concluida,48200,2410,45790,28000,17790
VEN00695,2025-06-13,L02,P04,VND04,3,9700,5600,0,Concluida,29100,0,29100,16800,12300
VEN00696,2025-02-21,L03,P05,VND05,4,11500,6650,10,Concluida,46000,4600,41400,26600,14800
VEN00698,2025-10-27,L05,P06,VND10,3,13300,7700,0,Concluida,39900,0,39900,23100,16800
VEN00699,2025-05-18,L03,P01,VND05,4,4300,2450,0,Concluida,17200,0,17200,9800,7400
VEN00700,2025-03-21,L08,P04,VND16,4,9700,5600,10,Concluida,38800,3880,34920,22400,12520
VEN00701,2025-11-21,L06,P04,VND12,2,9700,5600,0,Concluida,19400,0,19400,11200,8200
VEN00702,2025-06-24,L03,P10,VND05,3,20500,11900,0,Concluida,61500,0,61500,35700,25800
VEN00703,2025-10-14,L03,P08,VND06,3,16900,9800,0,Concluida,50700,0,50700,29400,21300
VEN00704,2025-07-15,L04,P08,VND08,2,16900,9800,10,Concluida,33800,3380,30420,19600,10820
VEN00705,2025-09-02,L02,P05,VND04,3,11500,6650,10,Concluida,34500,3450,31050,19950,11100
VEN00706,2025-06-22,L02,P10,VND03,2,20500,11900,10,Concluida,41000,4100,36900,23800,13100
VEN00707,2025-11-19,L08,P06,VND15,1,13300,7700,0,Concluida,13300,0,13300,7700,5600
VEN00708,2025-01-17,L07,P04,VND14,3,9700,5600,0,Concluida,29100,0,29100,16800,12300
VEN00709,2025-04-17,L02,P09,VND03,5,18700,10850,0,Concluida,93500,0,93500,54250,39250
VEN00710,2025-08-08,L08,P01,VND16,3,4300,2450,10,Concluida,12900,1290,11610,7350,4260
VEN00711,2025-02-26,L07,P04,VND13,2,9700,5600,0,Concluida,19400,0,19400,11200,8200
VEN00712,2025-10-20,L08,P11,VND15,3,22300,12950,10,Concluida,66900,6690,60210,38850,21360
VEN00713,2025-10-31,L08,P11,VND15,2,22300,12950,5,Concluida,44600,2230,42370,25900,16470
VEN00715,2025-01-25,L03,P04,VND06,2,9700,5600,0,Concluida,19400,0,19400,11200,8200
VEN00716,2025-05-31,L05,P12,VND10,5,24100,14000,0,Concluida,120500,0,120500,70000,50500
VEN00717,2025-06-21,L02,P11,VND04,1,22300,12950,10,Concluida,22300,2230,20070,12950,7120
VEN00718,2025-02-02,L04,P03,VND08,4,7900,4550,0,Concluida,31600,0,31600,18200,13400
VEN00719,2025-12-13,L03,P11,VND05,4,22300,12950,5,Concluida,89200,4460,84740,51800,32940
VEN00720,2025-08-17,L08,P02,VND16,2,6100,3500,5,Concluida,12200,610,11590,7000,4590
VEN00721,2025-10-21,L08,P11,VND16,2,22300,12950,0,Concluida,44600,0,44600,25900,18700
VEN00722,2025-10-16,L05,P10,VND09,1,20500,11900,5,Concluida,20500,1025,19475,11900,7575
VEN00723,2025-12-07,L02,P02,VND04,5,6100,3500,10,Concluida,30500,3050,27450,17500,9950
VEN00724,2025-12-09,L08,P12,VND15,4,24100,14000,0,Concluida,96400,0,96400,56000,40400
VEN00725,2025-04-12,L04,P02,VND08,3,6100,3500,0,Concluida,18300,0,18300,10500,7800
VEN00726,2025-01-12,L06,P04,VND11,5,9700,5600,0,Concluida,48500,0,48500,28000,20500
VEN00727,2025-11-12,L05,P08,VND09,4,16900,9800,0,Concluida,67600,0,67600,39200,28400
VEN00728,2025-07-01,L04,P06,VND07,3,13300,7700,0,Concluida,39900,0,39900,23100,16800
VEN00729,2025-08-26,L07,P07,VND13,1,15100,8750,0,Concluida,15100,0,15100,8750,6350
VEN00730,2025-08-12,L03,P03,VND06,2,7900,4550,10,Concluida,15800,1580,14220,9100,5120
VEN00732,2025-05-08,L02,P02,VND04,5,6100,3500,0,Concluida,30500,0,30500,17500,13000
VEN00733,2025-09-26,L04,P04,VND08,2,9700,5600,10,Concluida,19400,1940,17460,11200,6260
VEN00734,2025-10-06,L02,P05,VND03,3,11500,6650,10,Concluida,34500,3450,31050,19950,11100
VEN00735,2025-08-24,L01,P11,VND02,1,22300,12950,10,Concluida,22300,2230,20070,12950,7120
VEN00736,2025-11-22,L04,P08,VND08,1,16900,9800,10,Concluida,16900,1690,15210,9800,5410
VEN00737,2025-05-21,L03,P01,VND05,3,4300,2450,0,Concluida,12900,0,12900,7350,5550
VEN00738,2025-01-24,L03,P03,VND06,4,7900,4550,5,Concluida,31600,1580,30020,18200,11820
VEN00739,2025-10-24,L05,P09,VND09,3,18700,10850,5,Concluida,56100,2805,53295,32550,20745
VEN00740,2025-12-18,L03,P05,VND05,2,11500,6650,5,Concluida,23000,1150,21850,13300,8550
VEN00741,2025-10-09,L08,P04,VND15,5,9700,5600,0,Concluida,48500,0,48500,28000,20500
VEN00742,2025-12-12,L07,P12,VND14,3,24100,14000,0,Concluida,72300,0,72300,42000,30300
VEN00743,2025-02-02,L06,P04,VND12,2,9700,5600,5,Concluida,19400,970,18430,11200,7230
VEN00744,2025-03-08,L05,P06,VND09,2,13300,7700,5,Concluida,26600,1330,25270,15400,9870
VEN00745,2025-09-04,L01,P02,VND01,4,6100,3500,10,Concluida,24400,2440,21960,14000,7960
VEN00746,2025-09-06,L08,P10,VND16,2,20500,11900,10,Concluida,41000,4100,36900,23800,13100
VEN00747,2025-10-08,L04,P11,VND08,5,22300,12950,0,Concluida,111500,0,111500,64750,46750
VEN00749,2025-11-09,L06,P05,VND12,4,11500,6650,0,Concluida,46000,0,46000,26600,19400
VEN00750,2025-11-09,L08,P04,VND16,4,9700,5600,0,Concluida,38800,0,38800,22400,16400
VEN00751,2025-03-02,L01,P12,VND02,1,24100,14000,5,Concluida,24100,1205,22895,14000,8895
VEN00752,2025-01-10,L02,P02,VND03,5,6100,3500,0,Concluida,30500,0,30500,17500,13000
VEN00753,2025-05-08,L02,P07,VND03,1,15100,8750,0,Concluida,15100,0,15100,8750,6350
VEN00754,2025-07-14,L08,P02,VND15,2,6100,3500,5,Concluida,12200,610,11590,7000,4590
VEN00755,2025-03-03,L04,P03,VND08,3,7900,4550,0,Concluida,23700,0,23700,13650,10050
VEN00756,2025-07-26,L03,P04,VND05,3,9700,5600,0,Concluida,29100,0,29100,16800,12300
VEN00757,2025-04-05,L07,P07,VND13,3,15100,8750,5,Concluida,45300,2265,43035,26250,16785
VEN00758,2025-12-24,L02,P09,VND04,5,18700,10850,5,Concluida,93500,4675,88825,54250,34575
VEN00759,2025-02-25,L07,P01,VND13,5,4300,2450,10,Concluida,21500,2150,19350,12250,7100
VEN00760,2025-05-24,L04,P10,VND08,3,20500,11900,0,Concluida,61500,0,61500,35700,25800
VEN00761,2025-10-24,L06,P12,VND11,2,24100,14000,0,Concluida,48200,0,48200,28000,20200
VEN00762,2025-06-02,L08,P04,VND16,5,9700,5600,5,Concluida,48500,2425,46075,28000,18075
VEN00763,2025-09-16,L03,P04,VND05,3,9700,5600,0,Concluida,29100,0,29100,16800,12300
VEN00764,2025-03-11,L06,P09,VND12,3,18700,10850,0,Concluida,56100,0,56100,32550,23550
VEN00766,2025-01-31,L06,P06,VND11,3,13300,7700,0,Concluida,39900,0,39900,23100,16800
VEN00767,2025-01-11,L01,P09,VND02,4,18700,10850,5,Concluida,74800,3740,71060,43400,27660
VEN00768,2025-02-26,L08,P05,VND16,1,11500,6650,0,Concluida,11500,0,11500,6650,4850
VEN00769,2025-03-24,L02,P09,VND03,5,18700,10850,0,Concluida,93500,0,93500,54250,39250
VEN00770,2025-06-17,L05,P12,VND09,1,24100,14000,0,Concluida,24100,0,24100,14000,10100
VEN00771,2025-07-09,L04,P08,VND07,1,16900,9800,0,Concluida,16900,0,16900,9800,7100
VEN00772,2025-03-14,L02,P05,VND03,4,11500,6650,10,Concluida,46000,4600,41400,26600,14800
VEN00773,2025-02-05,L04,P09,VND07,5,18700,10850,5,Concluida,93500,4675,88825,54250,34575
VEN00774,2025-08-19,L08,P11,VND15,2,22300,12950,10,Concluida,44600,4460,40140,25900,14240
VEN00775,2025-02-28,L08,P04,VND15,4,9700,5600,10,Concluida,38800,3880,34920,22400,12520
VEN00776,2025-04-10,L05,P08,VND09,3,16900,9800,0,Concluida,50700,0,50700,29400,21300
VEN00777,2025-01-18,L06,P02,VND12,5,6100,3500,0,Concluida,30500,0,30500,17500,13000
VEN00778,2025-03-30,L01,P04,VND01,2,9700,5600,0,Concluida,19400,0,19400,11200,8200
VEN00779,2025-07-22,L07,P05,VND14,5,11500,6650,10,Concluida,57500,5750,51750,33250,18500
VEN00780,2025-06-28,L07,P04,VND13,2,9700,5600,5,Concluida,19400,970,18430,11200,7230
VEN00781,2025-11-17,L05,P09,VND09,1,18700,10850,10,Concluida,18700,1870,16830,10850,5980
VEN00783,2025-04-08,L02,P11,VND03,3,22300,12950,5,Concluida,66900,3345,63555,38850,24705
VEN00784,2025-03-30,L07,P02,VND13,3,6100,3500,0,Concluida,18300,0,18300,10500,7800
VEN00785,2025-06-12,L03,P12,VND05,5,24100,14000,0,Concluida,120500,0,120500,70000,50500
VEN00786,2025-05-16,L04,P11,VND08,1,22300,12950,5,Concluida,22300,1115,21185,12950,8235
VEN00787,2025-10-21,L04,P01,VND08,5,4300,2450,0,Concluida,21500,0,21500,12250,9250
VEN00788,2025-01-09,L06,P12,VND12,5,24100,14000,0,Concluida,120500,0,120500,70000,50500
VEN00789,2025-07-27,L04,P09,VND07,2,18700,10850,0,Concluida,37400,0,37400,21700,15700
VEN00790,2025-12-03,L06,P05,VND12,2,11500,6650,0,Concluida,23000,0,23000,13300,9700
VEN00791,2025-10-04,L05,P10,VND10,3,20500,11900,5,Concluida,61500,3075,58425,35700,22725
VEN00792,2025-09-04,L08,P04,VND15,5,9700,5600,5,Concluida,48500,2425,46075,28000,18075
VEN00793,2025-02-16,L07,P03,VND13,2,7900,4550,5,Concluida,15800,790,15010,9100,5910
VEN00794,2025-04-07,L06,P10,VND12,5,20500,11900,10,Concluida,102500,10250,92250,59500,32750
VEN00795,2025-09-26,L07,P12,VND13,3,24100,14000,0,Concluida,72300,0,72300,42000,30300
VEN00796,2025-08-15,L01,P08,VND02,4,16900,9800,0,Concluida,67600,0,67600,39200,28400
VEN00797,2025-10-09,L03,P02,VND05,1,6100,3500,10,Concluida,6100,610,5490,3500,1990
VEN00798,2025-04-25,L03,P04,VND06,3,9700,5600,10,Concluida,29100,2910,26190,16800,9390
VEN00800,2025-06-15,L04,P11,VND07,5,22300,12950,5,Concluida,111500,5575,105925,64750,41175
VEN00801,2025-08-27,L04,P04,VND08,4,9700,5600,0,Concluida,38800,0,38800,22400,16400
VEN00802,2025-04-14,L01,P11,VND01,5,22300,12950,0,Concluida,111500,0,111500,64750,46750
VEN00803,2025-08-18,L06,P04,VND12,5,9700,5600,0,Concluida,48500,0,48500,28000,20500
VEN00804,2025-08-06,L01,P08,VND01,1,16900,9800,5,Concluida,16900,845,16055,9800,6255
VEN00805,2025-04-08,L01,P11,VND01,2,22300,12950,0,Concluida,44600,0,44600,25900,18700
VEN00806,2025-09-05,L05,P03,VND10,1,7900,4550,0,Concluida,7900,0,7900,4550,3350
VEN00807,2025-05-09,L07,P02,VND14,3,6100,3500,5,Concluida,18300,915,17385,10500,6885
VEN00808,2025-12-23,L05,P03,VND09,4,7900,4550,0,Concluida,31600,0,31600,18200,13400
VEN00809,2025-07-13,L04,P03,VND08,3,7900,4550,10,Concluida,23700,2370,21330,13650,7680
VEN00810,2025-07-13,L02,P11,VND04,1,22300,12950,0,Concluida,22300,0,22300,12950,9350
VEN00811,2025-09-19,L04,P09,VND07,5,18700,10850,10,Concluida,93500,9350,84150,54250,29900
VEN00812,2025-11-01,L08,P12,VND15,1,24100,14000,5,Concluida,24100,1205,22895,14000,8895
VEN00813,2025-07-22,L02,P11,VND03,2,22300,12950,10,Concluida,44600,4460,40140,25900,14240
VEN00814,2025-12-09,L03,P11,VND06,4,22300,12950,5,Concluida,89200,4460,84740,51800,32940
VEN00815,2025-12-24,L01,P06,VND01,4,13300,7700,0,Concluida,53200,0,53200,30800,22400
VEN00817,2025-05-24,L02,P05,VND03,2,11500,6650,10,Concluida,23000,2300,20700,13300,7400
VEN00818,2025-12-17,L08,P12,VND15,1,24100,14000,5,Concluida,24100,1205,22895,14000,8895
VEN00819,2025-09-12,L06,P06,VND11,2,13300,7700,10,Concluida,26600,2660,23940,15400,8540
VEN00820,2025-02-19,L08,P08,VND16,4,16900,9800,0,Concluida,67600,0,67600,39200,28400
VEN00821,2025-07-31,L06,P07,VND12,2,15100,8750,0,Concluida,30200,0,30200,17500,12700
VEN00822,2025-05-27,L06,P02,VND12,5,6100,3500,0,Concluida,30500,0,30500,17500,13000
VEN00823,2025-02-17,L03,P08,VND06,5,16900,9800,10,Concluida,84500,8450,76050,49000,27050
VEN00824,2025-07-23,L07,P08,VND13,1,16900,9800,0,Concluida,16900,0,16900,9800,7100
VEN00825,2025-09-23,L05,P06,VND10,3,13300,7700,10,Concluida,39900,3990,35910,23100,12810
VEN00826,2025-06-12,L04,P09,VND08,1,18700,10850,5,Concluida,18700,935,17765,10850,6915
VEN00827,2025-07-28,L07,P01,VND13,4,4300,2450,10,Concluida,17200,1720,15480,9800,5680
VEN00828,2025-04-22,L06,P05,VND11,4,11500,6650,0,Concluida,46000,0,46000,26600,19400
VEN00829,2025-01-11,L04,P12,VND08,5,24100,14000,0,Concluida,120500,0,120500,70000,50500
VEN00830,2025-01-27,L03,P10,VND06,1,20500,11900,0,Concluida,20500,0,20500,11900,8600
VEN00831,2025-06-17,L01,P12,VND01,3,24100,14000,5,Concluida,72300,3615,68685,42000,26685
VEN00832,2025-11-12,L03,P07,VND05,1,15100,8750,10,Concluida,15100,1510,13590,8750,4840
VEN00834,2025-02-19,L04,P02,VND07,1,6100,3500,0,Concluida,6100,0,6100,3500,2600
VEN00835,2025-10-29,L02,P11,VND03,1,22300,12950,0,Concluida,22300,0,22300,12950,9350
VEN00836,2025-12-22,L05,P11,VND10,2,22300,12950,0,Concluida,44600,0,44600,25900,18700
VEN00837,2025-05-23,L04,P11,VND07,3,22300,12950,5,Concluida,66900,3345,63555,38850,24705
VEN00838,2025-01-18,L02,P04,VND03,4,9700,5600,5,Concluida,38800,1940,36860,22400,14460
VEN00839,2025-05-15,L06,P11,VND11,2,22300,12950,0,Concluida,44600,0,44600,25900,18700
VEN00840,2025-09-10,L07,P06,VND14,1,13300,7700,0,Concluida,13300,0,13300,7700,5600
VEN00841,2025-10-13,L07,P03,VND13,4,7900,4550,10,Concluida,31600,3160,28440,18200,10240
VEN00842,2025-11-17,L03,P07,VND06,4,15100,8750,0,Concluida,60400,0,60400,35000,25400
VEN00843,2025-10-09,L06,P01,VND12,4,4300,2450,10,Concluida,17200,1720,15480,9800,5680
VEN00844,2025-01-06,L01,P06,VND02,4,13300,7700,5,Concluida,53200,2660,50540,30800,19740
VEN00845,2025-06-15,L01,P01,VND02,4,4300,2450,0,Concluida,17200,0,17200,9800,7400
VEN00846,2025-07-17,L01,P01,VND02,3,4300,2450,0,Concluida,12900,0,12900,7350,5550
VEN00847,2025-12-13,L07,P06,VND14,2,13300,7700,5,Concluida,26600,1330,25270,15400,9870
VEN00848,2025-03-19,L01,P01,VND01,1,4300,2450,0,Concluida,4300,0,4300,2450,1850
VEN00849,2025-11-19,L03,P06,VND05,5,13300,7700,0,Concluida,66500,0,66500,38500,28000
VEN00851,2025-09-27,L02,P12,VND03,4,24100,14000,0,Concluida,96400,0,96400,56000,40400
VEN00852,2025-11-17,L07,P11,VND14,5,22300,12950,5,Concluida,111500,5575,105925,64750,41175
VEN00853,2025-11-13,L04,P02,VND08,2,6100,3500,5,Concluida,12200,610,11590,7000,4590
VEN00854,2025-11-23,L02,P07,VND03,4,15100,8750,0,Concluida,60400,0,60400,35000,25400
VEN00855,2025-04-01,L07,P10,VND14,1,20500,11900,10,Concluida,20500,2050,18450,11900,6550
VEN00856,2025-10-12,L05,P12,VND09,3,24100,14000,0,Concluida,72300,0,72300,42000,30300
VEN00857,2025-11-04,L03,P10,VND05,5,20500,11900,5,Concluida,102500,5125,97375,59500,37875
VEN00858,2025-02-02,L06,P12,VND11,2,24100,14000,0,Concluida,48200,0,48200,28000,20200
VEN00859,2025-11-30,L02,P05,VND04,5,11500,6650,5,Concluida,57500,2875,54625,33250,21375
VEN00860,2025-08-21,L05,P10,VND09,2,20500,11900,0,Concluida,41000,0,41000,23800,17200
VEN00861,2025-04-02,L01,P05,VND01,2,11500,6650,10,Concluida,23000,2300,20700,13300,7400
VEN00862,2025-10-06,L04,P02,VND07,5,6100,3500,5,Concluida,30500,1525,28975,17500,11475
VEN00863,2025-06-04,L06,P06,VND11,3,13300,7700,0,Concluida,39900,0,39900,23100,16800
VEN00864,2025-08-12,L05,P08,VND10,2,16900,9800,0,Concluida,33800,0,33800,19600,14200
VEN00865,2025-11-29,L03,P04,VND06,1,9700,5600,0,Concluida,9700,0,9700,5600,4100
VEN00866,2025-07-08,L05,P01,VND09,1,4300,2450,0,Concluida,4300,0,4300,2450,1850
VEN00868,2025-02-26,L03,P12,VND06,1,24100,14000,0,Concluida,24100,0,24100,14000,10100
VEN00869,2025-07-28,L08,P09,VND15,3,18700,10850,10,Concluida,56100,5610,50490,32550,17940
VEN00870,2025-08-31,L08,P03,VND15,3,7900,4550,5,Concluida,23700,1185,22515,13650,8865
VEN00871,2025-03-13,L08,P07,VND15,2,15100,8750,0,Concluida,30200,0,30200,17500,12700
VEN00872,2025-08-15,L06,P10,VND12,1,20500,11900,0,Concluida,20500,0,20500,11900,8600
VEN00873,2025-03-07,L02,P06,VND03,1,13300,7700,0,Concluida,13300,0,13300,7700,5600
VEN00874,2025-08-02,L02,P08,VND04,1,16900,9800,0,Concluida,16900,0,16900,9800,7100
VEN00875,2025-10-21,L08,P12,VND16,5,24100,14000,5,Concluida,120500,6025,114475,70000,44475
VEN00876,2025-02-03,L06,P06,VND12,4,13300,7700,0,Concluida,53200,0,53200,30800,22400
VEN00877,2025-04-04,L02,P12,VND04,5,24100,14000,10,Concluida,120500,12050,108450,70000,38450
VEN00878,2025-05-21,L07,P08,VND13,1,16900,9800,0,Concluida,16900,0,16900,9800,7100
VEN00879,2025-10-03,L08,P03,VND16,5,7900,4550,0,Concluida,39500,0,39500,22750,16750
VEN00880,2025-11-09,L03,P06,VND05,3,13300,7700,10,Concluida,39900,3990,35910,23100,12810
VEN00881,2025-09-03,L01,P09,VND01,2,18700,10850,0,Concluida,37400,0,37400,21700,15700
VEN00882,2025-05-03,L08,P04,VND16,2,9700,5600,0,Concluida,19400,0,19400,11200,8200
VEN00883,2025-03-04,L07,P01,VND13,5,4300,2450,10,Concluida,21500,2150,19350,12250,7100
VEN00885,2025-03-30,L06,P01,VND11,1,4300,2450,0,Concluida,4300,0,4300,2450,1850
VEN00886,2025-12-12,L05,P09,VND10,2,18700,10850,10,Concluida,37400,3740,33660,21700,11960
VEN00887,2025-01-21,L02,P02,VND04,1,6100,3500,0,Concluida,6100,0,6100,3500,2600
VEN00888,2025-03-12,L05,P10,VND10,1,20500,11900,0,Concluida,20500,0,20500,11900,8600
VEN00889,2025-05-24,L01,P06,VND01,1,13300,7700,0,Concluida,13300,0,13300,7700,5600
VEN00890,2025-07-09,L01,P08,VND02,5,16900,9800,0,Concluida,84500,0,84500,49000,35500
VEN00891,2025-11-16,L02,P11,VND04,3,22300,12950,0,Concluida,66900,0,66900,38850,28050
VEN00892,2025-07-30,L08,P05,VND15,3,11500,6650,10,Concluida,34500,3450,31050,19950,11100
VEN00893,2025-03-20,L04,P05,VND07,4,11500,6650,5,Concluida,46000,2300,43700,26600,17100
VEN00894,2025-12-14,L01,P10,VND02,2,20500,11900,10,Concluida,41000,4100,36900,23800,13100
VEN00895,2025-06-08,L03,P01,VND06,3,4300,2450,10,Concluida,12900,1290,11610,7350,4260
VEN00896,2025-02-28,L03,P10,VND06,3,20500,11900,0,Concluida,61500,0,61500,35700,25800
VEN00897,2025-04-26,L03,P05,VND06,2,11500,6650,0,Concluida,23000,0,23000,13300,9700
VEN00898,2025-03-17,L08,P07,VND16,3,15100,8750,0,Concluida,45300,0,45300,26250,19050
VEN00899,2025-11-21,L06,P02,VND12,4,6100,3500,0,Concluida,24400,0,24400,14000,10400
VEN00900,2025-04-28,L07,P04,VND13,4,9700,5600,10,Concluida,38800,3880,34920,22400,12520
VEN00902,2025-02-20,L01,P04,VND02,2,9700,5600,0,Concluida,19400,0,19400,11200,8200
VEN00903,2025-03-06,L07,P11,VND13,4,22300,12950,10,Concluida,89200,8920,80280,51800,28480
VEN00904,2025-09-21,L05,P03,VND09,4,7900,4550,0,Concluida,31600,0,31600,18200,13400
VEN00905,2025-11-09,L06,P07,VND12,1,15100,8750,0,Concluida,15100,0,15100,8750,6350
VEN00906,2025-11-24,L08,P03,VND15,5,7900,4550,0,Concluida,39500,0,39500,22750,16750
VEN00907,2025-05-27,L06,P12,VND12,5,24100,14000,0,Concluida,120500,0,120500,70000,50500
VEN00908,2025-02-12,L07,P11,VND13,1,22300,12950,0,Concluida,22300,0,22300,12950,9350
VEN00909,2025-08-24,L01,P01,VND01,4,4300,2450,5,Concluida,17200,860,16340,9800,6540
VEN00910,2025-06-06,L07,P12,VND14,2,24100,14000,0,Concluida,48200,0,48200,28000,20200
VEN00911,2025-08-30,L05,P03,VND09,1,7900,4550,0,Concluida,7900,0,7900,4550,3350
VEN00912,2025-05-15,L04,P12,VND07,2,24100,14000,0,Concluida,48200,0,48200,28000,20200
VEN00913,2025-06-08,L03,P08,VND05,3,16900,9800,0,Concluida,50700,0,50700,29400,21300
VEN00914,2025-03-26,L08,P09,VND16,1,18700,10850,5,Concluida,18700,935,17765,10850,6915
VEN00915,2025-11-29,L05,P07,VND09,4,15100,8750,0,Concluida,60400,0,60400,35000,25400
VEN00916,2025-02-28,L06,P09,VND12,1,18700,10850,10,Concluida,18700,1870,16830,10850,5980
VEN00917,2025-06-14,L05,P10,VND10,2,20500,11900,10,Concluida,41000,4100,36900,23800,13100
VEN00919,2025-03-07,L08,P04,VND16,4,9700,5600,5,Concluida,38800,1940,36860,22400,14460
VEN00920,2025-04-24,L01,P02,VND01,4,6100,3500,0,Concluida,24400,0,24400,14000,10400
VEN00921,2025-07-27,L08,P02,VND16,4,6100,3500,10,Concluida,24400,2440,21960,14000,7960
VEN00922,2025-07-13,L06,P04,VND11,2,9700,5600,0,Concluida,19400,0,19400,11200,8200
VEN00923,2025-02-02,L06,P09,VND12,3,18700,10850,0,Concluida,56100,0,56100,32550,23550
VEN00924,2025-02-08,L03,P02,VND05,5,6100,3500,5,Concluida,30500,1525,28975,17500,11475
VEN00925,2025-05-17,L04,P01,VND08,4,4300,2450,5,Concluida,17200,860,16340,9800,6540
VEN00926,2025-10-27,L03,P01,VND06,4,4300,2450,0,Concluida,17200,0,17200,9800,7400
VEN00927,2025-04-25,L07,P11,VND13,2,22300,12950,0,Concluida,44600,0,44600,25900,18700
VEN00928,2025-11-12,L06,P09,VND12,1,18700,10850,5,Concluida,18700,935,17765,10850,6915
VEN00929,2025-03-17,L01,P03,VND01,2,7900,4550,0,Concluida,15800,0,15800,9100,6700
VEN00930,2025-08-24,L05,P11,VND09,1,22300,12950,0,Concluida,22300,0,22300,12950,9350
VEN00931,2025-10-11,L08,P02,VND16,2,6100,3500,0,Concluida,12200,0,12200,7000,5200
VEN00932,2025-10-10,L05,P01,VND10,2,4300,2450,10,Concluida,8600,860,7740,4900,2840
VEN00933,2025-04-23,L05,P06,VND10,5,13300,7700,0,Concluida,66500,0,66500,38500,28000
VEN00934,2025-08-05,L06,P11,VND12,5,22300,12950,0,Concluida,111500,0,111500,64750,46750
VEN00936,2025-01-02,L08,P04,VND16,5,9700,5600,0,Concluida,48500,0,48500,28000,20500
VEN00937,2025-02-07,L02,P03,VND04,2,7900,4550,5,Concluida,15800,790,15010,9100,5910
VEN00938,2025-08-03,L08,P09,VND16,5,18700,10850,10,Concluida,93500,9350,84150,54250,29900
VEN00939,2025-09-30,L08,P10,VND15,1,20500,11900,5,Concluida,20500,1025,19475,11900,7575
VEN00940,2025-12-10,L05,P01,VND10,1,4300,2450,10,Concluida,4300,430,3870,2450,1420
VEN00941,2025-07-13,L04,P04,VND08,1,9700,5600,0,Concluida,9700,0,9700,5600,4100
VEN00942,2025-04-22,L02,P11,VND04,3,22300,12950,10,Concluida,66900,6690,60210,38850,21360
VEN00943,2025-05-28,L01,P02,VND01,3,6100,3500,10,Concluida,18300,1830,16470,10500,5970
VEN00944,2025-10-24,L01,P07,VND02,2,15100,8750,5,Concluida,30200,1510,28690,17500,11190
VEN00945,2025-05-01,L02,P05,VND04,3,11500,6650,5,Concluida,34500,1725,32775,19950,12825
VEN00946,2025-08-06,L01,P01,VND01,3,4300,2450,0,Concluida,12900,0,12900,7350,5550
VEN00947,2025-07-01,L03,P06,VND05,2,13300,7700,0,Concluida,26600,0,26600,15400,11200
VEN00948,2025-11-10,L05,P10,VND10,2,20500,11900,10,Concluida,41000,4100,36900,23800,13100
VEN00949,2025-10-18,L02,P08,VND03,1,16900,9800,0,Concluida,16900,0,16900,9800,7100
VEN00950,2025-05-19,L06,P05,VND11,5,11500,6650,5,Concluida,57500,2875,54625,33250,21375
VEN00951,2025-12-22,L07,P04,VND13,3,9700,5600,0,Concluida,29100,0,29100,16800,12300
VEN00953,2025-03-06,L02,P11,VND04,1,22300,12950,0,Concluida,22300,0,22300,12950,9350
VEN00954,2025-10-07,L07,P11,VND14,2,22300,12950,10,Concluida,44600,4460,40140,25900,14240
VEN00955,2025-02-04,L02,P05,VND03,2,11500,6650,5,Concluida,23000,1150,21850,13300,8550
VEN00956,2025-06-29,L02,P01,VND03,2,4300,2450,0,Concluida,8600,0,8600,4900,3700
VEN00957,2025-10-06,L03,P02,VND05,5,6100,3500,5,Concluida,30500,1525,28975,17500,11475
VEN00958,2025-04-24,L06,P07,VND12,2,15100,8750,0,Concluida,30200,0,30200,17500,12700
VEN00959,2025-11-22,L03,P11,VND06,1,22300,12950,10,Concluida,22300,2230,20070,12950,7120
VEN00960,2025-10-31,L01,P10,VND02,5,20500,11900,5,Concluida,102500,5125,97375,59500,37875
VEN00961,2025-09-08,L02,P05,VND03,4,11500,6650,0,Concluida,46000,0,46000,26600,19400
VEN00962,2025-09-14,L06,P05,VND12,1,11500,6650,10,Concluida,11500,1150,10350,6650,3700
VEN00963,2025-04-06,L07,P12,VND14,3,24100,14000,10,Concluida,72300,7230,65070,42000,23070
VEN00964,2025-02-11,L04,P06,VND07,5,13300,7700,10,Concluida,66500,6650,59850,38500,21350
VEN00965,2025-07-23,L04,P11,VND07,5,22300,12950,0,Concluida,111500,0,111500,64750,46750
VEN00966,2025-09-14,L06,P10,VND12,3,20500,11900,0,Concluida,61500,0,61500,35700,25800
VEN00967,2025-12-20,L08,P08,VND15,5,16900,9800,10,Concluida,84500,8450,76050,49000,27050
VEN00968,2025-11-02,L07,P03,VND13,3,7900,4550,10,Concluida,23700,2370,21330,13650,7680
VEN00970,2025-12-17,L01,P05,VND01,2,11500,6650,5,Concluida,23000,1150,21850,13300,8550
VEN00971,2025-01-19,L02,P11,VND04,2,22300,12950,5,Concluida,44600,2230,42370,25900,16470
VEN00972,2025-01-06,L02,P11,VND03,3,22300,12950,0,Concluida,66900,0,66900,38850,28050
VEN00973,2025-10-05,L07,P08,VND14,5,16900,9800,10,Concluida,84500,8450,76050,49000,27050
VEN00974,2025-10-16,L04,P05,VND07,5,11500,6650,10,Concluida,57500,5750,51750,33250,18500
VEN00975,2025-03-24,L05,P11,VND09,4,22300,12950,0,Concluida,89200,0,89200,51800,37400
VEN00976,2025-02-14,L01,P03,VND01,2,7900,4550,0,Concluida,15800,0,15800,9100,6700
VEN00977,2025-07-01,L05,P09,VND09,4,18700,10850,5,Concluida,74800,3740,71060,43400,27660
VEN00978,2025-11-27,L03,P01,VND05,5,4300,2450,5,Concluida,21500,1075,20425,12250,8175
VEN00979,2025-04-20,L08,P03,VND15,2,7900,4550,0,Concluida,15800,0,15800,9100,6700
VEN00980,2025-07-15,L08,P11,VND15,3,22300,12950,5,Concluida,66900,3345,63555,38850,24705
VEN00981,2025-07-26,L02,P08,VND03,1,16900,9800,10,Concluida,16900,1690,15210,9800,5410
VEN00982,2025-11-09,L07,P06,VND13,2,13300,7700,0,Concluida,26600,0,26600,15400,11200
VEN00983,2025-08-29,L05,P06,VND09,2,13300,7700,0,Concluida,26600,0,26600,15400,11200
VEN00984,2025-11-14,L05,P08,VND10,3,16900,9800,0,Concluida,50700,0,50700,29400,21300
VEN00985,2025-01-18,L02,P09,VND03,4,18700,10850,0,Concluida,74800,0,74800,43400,31400
VEN00987,2025-12-06,L05,P03,VND09,2,7900,4550,0,Concluida,15800,0,15800,9100,6700
VEN00988,2025-05-02,L02,P11,VND03,5,22300,12950,0,Concluida,111500,0,111500,64750,46750
VEN00989,2025-04-14,L08,P10,VND15,5,20500,11900,10,Concluida,102500,10250,92250,59500,32750
VEN00990,2025-10-10,L01,P12,VND02,3,24100,14000,10,Concluida,72300,7230,65070,42000,23070
VEN00991,2025-01-10,L06,P01,VND12,2,4300,2450,0,Concluida,8600,0,8600,4900,3700
VEN00992,2025-10-04,L01,P05,VND01,1,11500,6650,5,Concluida,11500,575,10925,6650,4275
VEN00993,2025-08-21,L02,P01,VND04,2,4300,2450,0,Concluida,8600,0,8600,4900,3700
VEN00994,2025-04-02,L05,P08,VND10,4,16900,9800,0,Concluida,67600,0,67600,39200,28400
VEN00995,2025-05-31,L06,P12,VND11,4,24100,14000,0,Concluida,96400,0,96400,56000,40400
VEN00996,2025-07-19,L01,P01,VND01,3,4300,2450,10,Concluida,12900,1290,11610,7350,4260
VEN00997,2025-03-26,L08,P08,VND16,4,16900,9800,10,Concluida,67600,6760,60840,39200,21640
VEN00998,2025-03-01,L01,P01,VND01,2,4300,2450,5,Concluida,8600,430,8170,4900,3270
VEN00999,2025-10-16,L07,P11,VND14,1,22300,12950,10,Concluida,22300,2230,20070,12950,7120
VEN01000,2025-04-09,L05,P10,VND09,4,20500,11900,0,Concluida,82000,0,82000,47600,34400
VEN01001,2025-06-20,L05,P03,VND10,3,7900,4550,0,Concluida,23700,0,23700,13650,10050
VEN01002,2025-07-06,L07,P04,VND14,1,9700,5600,0,Concluida,9700,0,9700,5600,4100
VEN01004,2025-10-11,L02,P12,VND04,5,24100,14000,5,Concluida,120500,6025,114475,70000,44475
VEN01005,2025-11-18,L02,P04,VND04,5,9700,5600,5,Concluida,48500,2425,46075,28000,18075
VEN01006,2025-02-12,L08,P01,VND16,5,4300,2450,10,Concluida,21500,2150,19350,12250,7100
VEN01007,2025-04-21,L03,P10,VND05,2,20500,11900,10,Concluida,41000,4100,36900,23800,13100
VEN01008,2025-06-12,L02,P03,VND04,1,7900,4550,10,Concluida,7900,790,7110,4550,2560
VEN01009,2025-12-18,L07,P04,VND14,5,9700,5600,0,Concluida,48500,0,48500,28000,20500
VEN01010,2025-08-03,L03,P08,VND06,3,16900,9800,0,Concluida,50700,0,50700,29400,21300
VEN01011,2025-04-22,L07,P03,VND14,4,7900,4550,5,Concluida,31600,1580,30020,18200,11820
VEN01012,2025-09-22,L08,P11,VND15,2,22300,12950,5,Concluida,44600,2230,42370,25900,16470
VEN01013,2025-05-05,L08,P07,VND16,2,15100,8750,0,Concluida,30200,0,30200,17500,12700
VEN01014,2025-11-14,L02,P10,VND04,4,20500,11900,0,Concluida,82000,0,82000,47600,34400
VEN01015,2025-11-04,L08,P05,VND16,3,11500,6650,0,Concluida,34500,0,34500,19950,14550
VEN01016,2025-09-18,L04,P11,VND08,1,22300,12950,0,Concluida,22300,0,22300,12950,9350
VEN01017,2025-10-13,L06,P02,VND12,5,6100,3500,5,Concluida,30500,1525,28975,17500,11475
VEN01018,2025-02-05,L03,P06,VND06,5,13300,7700,5,Concluida,66500,3325,63175,38500,24675
VEN01019,2025-06-29,L01,P06,VND01,1,13300,7700,5,Concluida,13300,665,12635,7700,4935
VEN01021,2025-11-29,L05,P12,VND10,4,24100,14000,0,Concluida,96400,0,96400,56000,40400
VEN01022,2025-06-14,L03,P04,VND05,4,9700,5600,5,Concluida,38800,1940,36860,22400,14460
VEN01023,2025-02-04,L03,P06,VND05,4,13300,7700,0,Concluida,53200,0,53200,30800,22400
VEN01024,2025-08-30,L08,P10,VND15,1,20500,11900,0,Concluida,20500,0,20500,11900,8600
VEN01025,2025-05-15,L02,P04,VND03,1,9700,5600,10,Concluida,9700,970,8730,5600,3130
VEN01026,2025-12-12,L06,P07,VND12,2,15100,8750,0,Concluida,30200,0,30200,17500,12700
VEN01027,2025-06-15,L05,P12,VND10,2,24100,14000,10,Concluida,48200,4820,43380,28000,15380
VEN01028,2025-07-07,L01,P12,VND02,5,24100,14000,0,Concluida,120500,0,120500,70000,50500
VEN01029,2025-05-02,L01,P05,VND01,2,11500,6650,0,Concluida,23000,0,23000,13300,9700
VEN01030,2025-11-14,L02,P02,VND03,1,6100,3500,0,Concluida,6100,0,6100,3500,2600
VEN01031,2025-11-26,L03,P02,VND06,3,6100,3500,0,Concluida,18300,0,18300,10500,7800
VEN01032,2025-01-06,L03,P02,VND06,5,6100,3500,10,Concluida,30500,3050,27450,17500,9950
VEN01033,2025-03-21,L01,P11,VND02,2,22300,12950,0,Concluida,44600,0,44600,25900,18700
VEN01034,2025-08-22,L05,P12,VND09,2,24100,14000,10,Concluida,48200,4820,43380,28000,15380
VEN01035,2025-10-04,L04,P05,VND07,4,11500,6650,0,Concluida,46000,0,46000,26600,19400
VEN01036,2025-11-23,L05,P09,VND10,2,18700,10850,5,Concluida,37400,1870,35530,21700,13830
VEN01038,2025-06-15,L08,P06,VND15,1,13300,7700,5,Concluida,13300,665,12635,7700,4935
VEN01039,2025-07-26,L01,P09,VND01,5,18700,10850,10,Concluida,93500,9350,84150,54250,29900
VEN01040,2025-10-20,L04,P03,VND08,3,7900,4550,5,Concluida,23700,1185,22515,13650,8865
VEN01041,2025-06-01,L07,P07,VND14,4,15100,8750,0,Concluida,60400,0,60400,35000,25400
VEN01042,2025-12-01,L04,P12,VND08,3,24100,14000,5,Concluida,72300,3615,68685,42000,26685
VEN01043,2025-02-23,L01,P02,VND02,5,6100,3500,0,Concluida,30500,0,30500,17500,13000
VEN01044,2025-11-26,L03,P12,VND06,4,24100,14000,0,Concluida,96400,0,96400,56000,40400
VEN01045,2025-04-29,L06,P07,VND12,5,15100,8750,0,Concluida,75500,0,75500,43750,31750
VEN01046,2025-03-05,L05,P01,VND10,4,4300,2450,0,Concluida,17200,0,17200,9800,7400
VEN01047,2025-03-12,L08,P10,VND16,3,20500,11900,0,Concluida,61500,0,61500,35700,25800
VEN01048,2025-01-11,L05,P10,VND09,4,20500,11900,0,Concluida,82000,0,82000,47600,34400
VEN01049,2025-03-03,L06,P09,VND11,1,18700,10850,10,Concluida,18700,1870,16830,10850,5980
VEN01050,2025-06-07,L01,P01,VND02,3,4300,2450,5,Concluida,12900,645,12255,7350,4905
VEN01051,2025-01-29,L07,P07,VND13,3,15100,8750,0,Concluida,45300,0,45300,26250,19050
VEN01052,2025-09-13,L02,P04,VND03,4,9700,5600,0,Concluida,38800,0,38800,22400,16400
VEN01053,2025-08-17,L06,P02,VND12,3,6100,3500,0,Concluida,18300,0,18300,10500,7800
VEN01055,2025-06-28,L07,P08,VND13,1,16900,9800,10,Concluida,16900,1690,15210,9800,5410
VEN01056,2025-05-13,L08,P09,VND15,4,18700,10850,10,Concluida,74800,7480,67320,43400,23920
VEN01057,2025-03-04,L04,P06,VND08,3,13300,7700,10,Concluida,39900,3990,35910,23100,12810
VEN01058,2025-09-25,L07,P10,VND14,4,20500,11900,5,Concluida,82000,4100,77900,47600,30300
VEN01059,2025-09-26,L05,P01,VND09,1,4300,2450,10,Concluida,4300,430,3870,2450,1420
VEN01060,2025-09-28,L06,P09,VND11,3,18700,10850,0,Concluida,56100,0,56100,32550,23550
VEN01061,2025-04-19,L05,P11,VND09,5,22300,12950,10,Concluida,111500,11150,100350,64750,35600
VEN01062,2025-07-29,L04,P05,VND08,1,11500,6650,10,Concluida,11500,1150,10350,6650,3700
VEN01063,2025-03-26,L06,P12,VND11,4,24100,14000,10,Concluida,96400,9640,86760,56000,30760
VEN01064,2025-10-12,L02,P05,VND04,4,11500,6650,0,Concluida,46000,0,46000,26600,19400
VEN01065,2025-03-21,L06,P04,VND11,4,9700,5600,5,Concluida,38800,1940,36860,22400,14460
VEN01066,2025-03-09,L02,P06,VND04,5,13300,7700,10,Concluida,66500,6650,59850,38500,21350
VEN01067,2025-06-10,L02,P06,VND04,3,13300,7700,5,Concluida,39900,1995,37905,23100,14805
VEN01068,2025-07-25,L05,P05,VND10,4,11500,6650,10,Concluida,46000,4600,41400,26600,14800
VEN01069,2025-03-16,L06,P12,VND11,3,24100,14000,0,Concluida,72300,0,72300,42000,30300
VEN01070,2025-12-31,L05,P05,VND09,1,11500,6650,0,Concluida,11500,0,11500,6650,4850
VEN01072,2025-05-22,L02,P02,VND03,2,6100,3500,0,Concluida,12200,0,12200,7000,5200
VEN01073,2025-01-30,L01,P03,VND01,4,7900,4550,5,Concluida,31600,1580,30020,18200,11820
VEN01074,2025-02-22,L05,P07,VND09,1,15100,8750,5,Concluida,15100,755,14345,8750,5595
VEN01075,2025-10-15,L02,P07,VND03,5,15100,8750,0,Concluida,75500,0,75500,43750,31750
VEN01076,2025-12-14,L01,P02,VND02,4,6100,3500,0,Concluida,24400,0,24400,14000,10400
VEN01077,2025-03-10,L04,P12,VND08,2,24100,14000,0,Concluida,48200,0,48200,28000,20200
VEN01078,2025-09-25,L07,P02,VND14,2,6100,3500,5,Concluida,12200,610,11590,7000,4590
VEN01079,2025-06-25,L07,P10,VND14,5,20500,11900,0,Concluida,102500,0,102500,59500,43000
VEN01080,2025-11-15,L08,P05,VND15,5,11500,6650,0,Concluida,57500,0,57500,33250,24250
VEN01081,2025-12-30,L01,P07,VND02,2,15100,8750,0,Concluida,30200,0,30200,17500,12700
VEN01082,2025-11-16,L05,P09,VND10,5,18700,10850,10,Concluida,93500,9350,84150,54250,29900
VEN01083,2025-02-27,L03,P09,VND05,4,18700,10850,10,Concluida,74800,7480,67320,43400,23920
VEN01084,2025-05-12,L07,P05,VND14,5,11500,6650,10,Concluida,57500,5750,51750,33250,18500
VEN01085,2025-11-09,L03,P06,VND05,5,13300,7700,10,Concluida,66500,6650,59850,38500,21350
VEN01086,2025-10-23,L05,P06,VND10,1,13300,7700,10,Concluida,13300,1330,11970,7700,4270
VEN01087,2025-09-08,L05,P01,VND09,4,4300,2450,5,Concluida,17200,860,16340,9800,6540
VEN01089,2025-11-17,L03,P01,VND06,5,4300,2450,5,Concluida,21500,1075,20425,12250,8175
VEN01090,2025-06-15,L01,P08,VND02,2,16900,9800,0,Concluida,33800,0,33800,19600,14200
VEN01091,2025-05-21,L04,P10,VND07,5,20500,11900,5,Concluida,102500,5125,97375,59500,37875
VEN01092,2025-04-28,L06,P11,VND11,5,22300,12950,10,Concluida,111500,11150,100350,64750,35600
VEN01093,2025-10-02,L05,P11,VND10,5,22300,12950,5,Concluida,111500,5575,105925,64750,41175
VEN01094,2025-10-07,L07,P01,VND13,3,4300,2450,0,Concluida,12900,0,12900,7350,5550
VEN01095,2025-04-02,L05,P11,VND09,3,22300,12950,0,Concluida,66900,0,66900,38850,28050
VEN01096,2025-02-13,L07,P01,VND13,3,4300,2450,5,Concluida,12900,645,12255,7350,4905
VEN01097,2025-05-23,L06,P07,VND11,5,15100,8750,0,Concluida,75500,0,75500,43750,31750
VEN01098,2025-11-17,L08,P09,VND16,1,18700,10850,10,Concluida,18700,1870,16830,10850,5980
VEN01099,2025-02-05,L01,P10,VND02,1,20500,11900,10,Concluida,20500,2050,18450,11900,6550
VEN01100,2025-03-17,L05,P08,VND10,4,16900,9800,5,Concluida,67600,3380,64220,39200,25020
VEN01101,2025-11-10,L08,P05,VND16,4,11500,6650,0,Concluida,46000,0,46000,26600,19400
VEN01102,2025-01-27,L04,P02,VND07,5,6100,3500,5,Concluida,30500,1525,28975,17500,11475
VEN01103,2025-10-31,L03,P05,VND06,5,11500,6650,5,Concluida,57500,2875,54625,33250,21375
VEN01104,2025-06-03,L03,P09,VND06,4,18700,10850,10,Concluida,74800,7480,67320,43400,23920
VEN01106,2025-01-29,L05,P05,VND10,5,11500,6650,0,Concluida,57500,0,57500,33250,24250
VEN01107,2025-03-07,L06,P03,VND12,1,7900,4550,10,Concluida,7900,790,7110,4550,2560
VEN01108,2025-04-23,L02,P08,VND03,5,16900,9800,5,Concluida,84500,4225,80275,49000,31275
VEN01109,2025-04-27,L02,P12,VND04,1,24100,14000,0,Concluida,24100,0,24100,14000,10100
VEN01110,2025-04-22,L07,P10,VND14,2,20500,11900,0,Concluida,41000,0,41000,23800,17200
VEN01111,2025-06-26,L08,P01,VND16,5,4300,2450,10,Concluida,21500,2150,19350,12250,7100
VEN01112,2025-09-30,L08,P11,VND15,3,22300,12950,0,Concluida,66900,0,66900,38850,28050
VEN01113,2025-08-19,L08,P03,VND15,2,7900,4550,5,Concluida,15800,790,15010,9100,5910
VEN01114,2025-06-24,L05,P03,VND10,2,7900,4550,0,Concluida,15800,0,15800,9100,6700
VEN01115,2025-05-07,L07,P11,VND13,1,22300,12950,5,Concluida,22300,1115,21185,12950,8235
VEN01116,2025-11-13,L03,P05,VND06,1,11500,6650,5,Concluida,11500,575,10925,6650,4275
VEN01117,2025-09-19,L08,P12,VND16,1,24100,14000,10,Concluida,24100,2410,21690,14000,7690
VEN01118,2025-05-13,L04,P01,VND07,1,4300,2450,0,Concluida,4300,0,4300,2450,1850
VEN01119,2025-06-01,L03,P08,VND05,5,16900,9800,10,Concluida,84500,8450,76050,49000,27050
VEN01120,2025-09-02,L07,P02,VND13,2,6100,3500,10,Concluida,12200,1220,10980,7000,3980
VEN01121,2025-04-11,L08,P02,VND16,2,6100,3500,0,Concluida,12200,0,12200,7000,5200
VEN01123,2025-03-06,L06,P06,VND12,5,13300,7700,5,Concluida,66500,3325,63175,38500,24675
VEN01124,2025-03-22,L08,P04,VND16,1,9700,5600,10,Concluida,9700,970,8730,5600,3130
VEN01125,2025-07-09,L03,P12,VND06,5,24100,14000,10,Concluida,120500,12050,108450,70000,38450
VEN01126,2025-06-06,L03,P07,VND05,4,15100,8750,5,Concluida,60400,3020,57380,35000,22380
VEN01127,2025-04-27,L05,P03,VND10,3,7900,4550,10,Concluida,23700,2370,21330,13650,7680
VEN01128,2025-06-07,L07,P02,VND14,1,6100,3500,0,Concluida,6100,0,6100,3500,2600
VEN01129,2025-08-14,L02,P10,VND03,2,20500,11900,0,Concluida,41000,0,41000,23800,17200
VEN01130,2025-10-11,L01,P12,VND02,4,24100,14000,5,Concluida,96400,4820,91580,56000,35580
VEN01131,2025-04-20,L04,P03,VND07,3,7900,4550,5,Concluida,23700,1185,22515,13650,8865
VEN01132,2025-07-16,L07,P07,VND14,4,15100,8750,0,Concluida,60400,0,60400,35000,25400
VEN01133,2025-08-01,L03,P09,VND05,4,18700,10850,5,Concluida,74800,3740,71060,43400,27660
VEN01134,2025-07-07,L07,P04,VND13,1,9700,5600,0,Concluida,9700,0,9700,5600,4100
VEN01135,2025-05-28,L03,P05,VND05,5,11500,6650,10,Concluida,57500,5750,51750,33250,18500
VEN01136,2025-03-25,L01,P05,VND01,2,11500,6650,0,Concluida,23000,0,23000,13300,9700
VEN01137,2025-03-21,L02,P02,VND03,3,6100,3500,0,Concluida,18300,0,18300,10500,7800
VEN01138,2025-12-18,L01,P11,VND01,3,22300,12950,5,Concluida,66900,3345,63555,38850,24705
VEN01140,2025-09-27,L02,P05,VND03,1,11500,6650,5,Concluida,11500,575,10925,6650,4275
VEN01141,2025-09-25,L04,P07,VND08,1,15100,8750,10,Concluida,15100,1510,13590,8750,4840
VEN01142,2025-06-30,L06,P09,VND12,4,18700,10850,5,Concluida,74800,3740,71060,43400,27660
VEN01143,2025-03-14,L05,P05,VND10,5,11500,6650,10,Concluida,57500,5750,51750,33250,18500
VEN01144,2025-01-03,L05,P03,VND09,1,7900,4550,0,Concluida,7900,0,7900,4550,3350
VEN01145,2025-01-30,L07,P08,VND14,3,16900,9800,5,Concluida,50700,2535,48165,29400,18765
VEN01146,2025-07-23,L04,P11,VND07,4,22300,12950,0,Concluida,89200,0,89200,51800,37400
VEN01147,2025-03-10,L01,P06,VND02,4,13300,7700,0,Concluida,53200,0,53200,30800,22400
VEN01148,2025-01-31,L05,P01,VND09,1,4300,2450,0,Concluida,4300,0,4300,2450,1850
VEN01149,2025-01-25,L06,P10,VND12,5,20500,11900,10,Concluida,102500,10250,92250,59500,32750
VEN01150,2025-01-05,L04,P02,VND07,5,6100,3500,10,Concluida,30500,3050,27450,17500,9950
VEN01151,2025-02-05,L06,P07,VND11,1,15100,8750,10,Concluida,15100,1510,13590,8750,4840
VEN01152,2025-08-02,L05,P04,VND10,4,9700,5600,10,Concluida,38800,3880,34920,22400,12520
VEN01153,2025-01-28,L04,P03,VND08,5,7900,4550,0,Concluida,39500,0,39500,22750,16750
VEN01154,2025-12-19,L08,P08,VND16,5,16900,9800,0,Concluida,84500,0,84500,49000,35500
VEN01155,2025-02-17,L02,P02,VND03,2,6100,3500,0,Concluida,12200,0,12200,7000,5200
VEN01157,2025-03-27,L04,P10,VND07,5,20500,11900,0,Concluida,102500,0,102500,59500,43000
VEN01158,2025-08-28,L07,P10,VND14,2,20500,11900,10,Concluida,41000,4100,36900,23800,13100
VEN01159,2025-05-29,L06,P01,VND11,1,4300,2450,0,Concluida,4300,0,4300,2450,1850
VEN01160,2025-06-24,L07,P04,VND14,3,9700,5600,0,Concluida,29100,0,29100,16800,12300
VEN01161,2025-03-15,L02,P05,VND03,1,11500,6650,10,Concluida,11500,1150,10350,6650,3700
VEN01162,2025-01-12,L03,P09,VND05,5,18700,10850,0,Concluida,93500,0,93500,54250,39250
VEN01163,2025-05-03,L08,P05,VND16,1,11500,6650,0,Concluida,11500,0,11500,6650,4850
VEN01164,2025-08-24,L07,P05,VND13,4,11500,6650,5,Concluida,46000,2300,43700,26600,17100
VEN01165,2025-05-20,L08,P05,VND15,1,11500,6650,5,Concluida,11500,575,10925,6650,4275
VEN01166,2025-06-22,L05,P06,VND09,5,13300,7700,0,Concluida,66500,0,66500,38500,28000
VEN01167,2025-02-23,L02,P12,VND04,2,24100,14000,0,Concluida,48200,0,48200,28000,20200
VEN01168,2025-11-21,L08,P04,VND15,3,9700,5600,0,Concluida,29100,0,29100,16800,12300
VEN01169,2025-09-25,L04,P05,VND07,2,11500,6650,0,Concluida,23000,0,23000,13300,9700
VEN01170,2025-09-28,L01,P03,VND02,4,7900,4550,0,Concluida,31600,0,31600,18200,13400
VEN01171,2025-06-09,L08,P04,VND15,5,9700,5600,0,Concluida,48500,0,48500,28000,20500
VEN01172,2025-08-08,L01,P10,VND02,5,20500,11900,0,Concluida,102500,0,102500,59500,43000
VEN01174,2025-03-11,L05,P05,VND09,5,11500,6650,10,Concluida,57500,5750,51750,33250,18500
VEN01175,2025-05-19,L06,P11,VND11,3,22300,12950,10,Concluida,66900,6690,60210,38850,21360
VEN01176,2025-01-09,L06,P12,VND11,5,24100,14000,0,Concluida,120500,0,120500,70000,50500
VEN01177,2025-04-19,L02,P03,VND04,5,7900,4550,10,Concluida,39500,3950,35550,22750,12800
VEN01178,2025-02-16,L06,P09,VND12,5,18700,10850,10,Concluida,93500,9350,84150,54250,29900
VEN01179,2025-10-01,L03,P07,VND06,3,15100,8750,0,Concluida,45300,0,45300,26250,19050
VEN01180,2025-04-21,L04,P10,VND07,1,20500,11900,0,Concluida,20500,0,20500,11900,8600
VEN01181,2025-12-23,L04,P12,VND08,2,24100,14000,0,Concluida,48200,0,48200,28000,20200
VEN01182,2025-10-02,L01,P04,VND02,4,9700,5600,0,Concluida,38800,0,38800,22400,16400
VEN01183,2025-03-01,L06,P03,VND12,2,7900,4550,0,Concluida,15800,0,15800,9100,6700
VEN01184,2025-07-16,L01,P06,VND02,1,13300,7700,0,Concluida,13300,0,13300,7700,5600
VEN01185,2025-08-03,L08,P01,VND16,3,4300,2450,5,Concluida,12900,645,12255,7350,4905
VEN01186,2025-03-09,L07,P02,VND13,4,6100,3500,10,Concluida,24400,2440,21960,14000,7960
VEN01187,2025-02-13,L08,P03,VND15,4,7900,4550,10,Concluida,31600,3160,28440,18200,10240
VEN01188,2025-08-08,L08,P01,VND15,5,4300,2450,5,Concluida,21500,1075,20425,12250,8175
VEN01189,2025-08-05,L03,P07,VND06,1,15100,8750,0,Concluida,15100,0,15100,8750,6350
VEN01191,2025-06-04,L03,P05,VND06,2,11500,6650,10,Concluida,23000,2300,20700,13300,7400
VEN01192,2025-01-31,L04,P12,VND07,2,24100,14000,5,Concluida,48200,2410,45790,28000,17790
VEN01193,2025-01-26,L04,P05,VND08,3,11500,6650,0,Concluida,34500,0,34500,19950,14550
VEN01194,2025-02-11,L02,P09,VND04,4,18700,10850,10,Concluida,74800,7480,67320,43400,23920
VEN01195,2025-08-12,L08,P09,VND15,1,18700,10850,0,Concluida,18700,0,18700,10850,7850
VEN01196,2025-10-06,L06,P08,VND11,1,16900,9800,0,Concluida,16900,0,16900,9800,7100
VEN01197,2025-07-24,L02,P10,VND03,2,20500,11900,10,Concluida,41000,4100,36900,23800,13100
VEN01198,2025-12-27,L01,P03,VND01,3,7900,4550,5,Concluida,23700,1185,22515,13650,8865
VEN01199,2025-12-26,L03,P04,VND06,1,9700,5600,0,Concluida,9700,0,9700,5600,4100
VEN01200,2025-09-04,L05,P09,VND09,4,18700,10850,10,Concluida,74800,7480,67320,43400,23920
