VendaID,Data,LojaID,ProdutoID,VendedorID,Quantidade,PrecoUnitarioCentavos,CustoUnitarioCentavos,DescontoPct,Status
VEN00001,2025-01-09,L06,P08,VND12,4,16900,9800,10,Concluida
VEN00002,2025-04-06,L06,P11,VND12,4,22300,12950,5,Concluida
VEN00003,2025-05-28,L02,P08,VND04,1,16900,9800,0,Concluida
VEN00004,2025-05-09,L07,P10,VND14,2,20500,11900,10,Concluida
VEN00005,2025-11-16,L04,P01,VND07,1,4300,2450,5,Concluida
VEN00006,2025-07-28,L03,P05,VND05,2,11500,6650,0,Concluida
VEN00007,2025-06-06,L03,P01,VND05,5,4300,2450,0,Concluida
VEN00008,2025-12-19,L05,P01,VND10,3,4300,2450,0,Concluida
VEN00009,2025-09-11,L03,P10,VND06,4,20500,11900,10,Concluida
VEN00010,2025-04-30,L05,P01,VND09,3,4300,2450,10,Concluida
VEN00011,2025-05-25,L02,P01,VND04,1,4300,2450,10,Concluida
VEN00012,2025-11-16,L04,P02,VND07,3,6100,3500,10,Concluida
VEN00013,2025-11-13,L04,P03,VND08,1,7900,4550,0,Concluida
VEN00014,2025-02-12,L01,P04,VND02,3,9700,5600,0,Concluida
VEN00015,2025-07-03,L08,P09,VND16,1,18700,10850,0,Concluida
VEN00016,2025-01-07,L06,P05,VND11,5,11500,6650,10,Concluida
VEN00017,2025-08-14,L06,P09,VND11,1,18700,10850,10,Cancelada
VEN00018,2025-10-28,L02,P04,VND04,3,9700,5600,5,Concluida
VEN00019,2025-03-18,L05,P08,VND10,5,16900,9800,10,Concluida
VEN00020,2025-01-12,L02,P04,VND04,5,9700,5600,0,Concluida
VEN00021,2025-04-25,L07,P07,VND14,2,15100,8750,0,Concluida
VEN00022,2025-12-01,L08,P03,VND15,3,7900,4550,10,Concluida
VEN00023,2025-07-15,L03,P09,VND05,3,18700,10850,0,Concluida
VEN00024,2025-02-12,L01,P09,VND02,3,18700,10850,5,Concluida
VEN00025,2025-10-21,L07,P03,VND14,1,7900,4550,0,Concluida
VEN00026,2025-11-28,L06,P05,VND12,2,11500,6650,5,Concluida
VEN00027,2025-03-30,L06,P06,VND12,1,13300,7700,0,Concluida
VEN00028,2025-06-12,L06,P08,VND11,5,16900,9800,5,Concluida
VEN00029,2025-01-04,L02,P01,VND04,5,4300,2450,0,Concluida
VEN00030,2025-10-15,L03,P02,VND05,2,6100,3500,0,Concluida
VEN00031,2025-09-18,L05,P04,VND10,3,9700,5600,10,Concluida
VEN00032,2025-09-06,L02,P03,VND03,4,7900,4550,10,Concluida
VEN00033,2025-01-04,L03,P10,VND06,4,20500,11900,0,Concluida
VEN00034,2025-05-29,L06,P01,VND11,1,4300,2450,5,Cancelada
VEN00035,2025-12-30,L06,P02,VND11,5,6100,3500,0,Concluida
VEN00036,2025-11-05,L05,P04,VND09,4,9700,5600,10,Concluida
VEN00037,2025-06-19,L01,P03,VND01,5,7900,4550,10,Concluida
VEN00038,2025-03-29,L08,P06,VND16,4,13300,7700,5,Concluida
VEN00039,2025-09-20,L06,P08,VND12,3,16900,9800,10,Concluida
VEN00040,2025-09-02,L06,P01,VND12,4,4300,2450,10,Concluida
VEN00041,2025-07-10,L04,P10,VND08,4,20500,11900,10,Concluida
VEN00042,2025-06-24,L01,P04,VND02,1,9700,5600,0,Concluida
VEN00043,2025-01-20,L08,P11,VND15,3,22300,12950,10,Concluida
VEN00044,2025-12-06,L05,P02,VND09,4,6100,3500,10,Concluida
VEN00045,2025-11-17,L02,P07,VND03,1,15100,8750,5,Concluida
VEN00046,2025-12-04,L06,P10,VND11,5,20500,11900,10,Concluida
VEN00047,2025-11-20,L06,P03,VND11,4,7900,4550,0,Concluida
VEN00048,2025-03-26,L06,P04,VND12,4,9700,5600,10,Concluida
VEN00049,2025-06-12,L08,P09,VND15,1,18700,10850,10,Concluida
VEN00050,2025-12-01,L04,P04,VND08,2,9700,5600,5,Concluida
VEN00051,2025-01-31,L04,P12,VND08,5,24100,14000,5,Cancelada
VEN00052,2025-12-14,L07,P01,VND14,4,4300,2450,10,Concluida
VEN00053,2025-04-04,L04,P01,VND08,1,4300,2450,0,Concluida
VEN00054,2025-09-14,L04,P11,VND08,3,22300,12950,0,Concluida
VEN00055,2025-11-21,L08,P03,VND16,1,7900,4550,5,Concluida
VEN00056,2025-06-18,L03,P07,VND05,5,15100,8750,0,Concluida
VEN00057,2025-08-04,L08,P06,VND15,5,13300,7700,0,Concluida
VEN00058,2025-02-09,L01,P06,VND02,5,13300,7700,0,Concluida
VEN00059,2025-02-20,L06,P03,VND12,4,7900,4550,10,Concluida
VEN00060,2025-03-17,L04,P05,VND07,1,11500,6650,5,Concluida
VEN00061,2025-06-18,L07,P05,VND13,3,11500,6650,0,Concluida
VEN00062,2025-09-01,L05,P01,VND10,1,4300,2450,0,Concluida
VEN00063,2025-06-29,L07,P04,VND14,3,9700,5600,0,Concluida
VEN00064,2025-02-21,L02,P05,VND03,2,11500,6650,10,Concluida
VEN00065,2025-08-17,L07,P10,VND13,1,20500,11900,10,Concluida
VEN00066,2025-11-26,L08,P04,VND16,5,9700,5600,10,Concluida
VEN00067,2025-10-17,L05,P05,VND10,1,11500,6650,5,Concluida
VEN00068,2025-07-20,L03,P01,VND06,4,4300,2450,5,Cancelada
VEN00069,2025-01-20,L07,P08,VND13,2,16900,9800,10,Concluida
VEN00070,2025-05-06,L06,P10,VND11,3,20500,11900,0,Concluida
VEN00071,2025-07-04,L01,P11,VND01,5,22300,12950,0,Concluida
VEN00072,2025-05-25,L08,P07,VND16,1,15100,8750,0,Concluida
VEN00073,2025-06-16,L06,P01,VND12,5,4300,2450,0,Concluida
VEN00074,2025-08-05,L05,P08,VND10,5,16900,9800,0,Concluida
VEN00075,2025-11-26,L01,P11,VND02,5,22300,12950,0,Concluida
VEN00076,2025-12-01,L01,P11,VND02,2,22300,12950,5,Concluida
VEN00077,2025-06-22,L02,P08,VND03,1,16900,9800,5,Concluida
VEN00078,2025-04-11,L07,P02,VND13,3,6100,3500,10,Concluida
VEN00079,2025-08-28,L06,P05,VND12,2,11500,6650,0,Concluida
VEN00080,2025-06-25,L06,P06,VND12,3,13300,7700,5,Concluida
VEN00081,2025-11-02,L07,P07,VND14,1,15100,8750,5,Concluida
VEN00082,2025-04-21,L04,P08,VND07,1,16900,9800,10,Concluida
VEN00083,2025-02-21,L08,P12,VND15,4,24100,14000,5,Concluida
VEN00084,2025-06-07,L04,P11,VND07,2,22300,12950,0,Concluida
VEN00085,2025-03-03,L04,P09,VND08,5,18700,10850,0,Cancelada
VEN00086,2025-01-12,L04,P11,VND07,1,22300,12950,5,Concluida
VEN00087,2025-08-01,L03,P07,VND05,5,15100,8750,5,Concluida
VEN00088,2025-10-28,L01,P08,VND01,3,16900,9800,10,Concluida
VEN00089,2025-07-02,L01,P09,VND01,2,18700,10850,0,Concluida
VEN00090,2025-03-29,L07,P02,VND13,2,6100,3500,0,Concluida
VEN00091,2025-09-06,L04,P10,VND08,3,20500,11900,0,Concluida
VEN00092,2025-01-18,L06,P05,VND11,2,11500,6650,0,Concluida
VEN00093,2025-05-20,L03,P06,VND06,2,13300,7700,0,Concluida
VEN00094,2025-05-10,L01,P05,VND02,4,11500,6650,10,Concluida
VEN00095,2025-10-14,L03,P01,VND05,2,4300,2450,0,Concluida
VEN00096,2025-11-09,L05,P04,VND10,3,9700,5600,0,Concluida
VEN00097,2025-11-27,L06,P10,VND11,4,20500,11900,5,Concluida
VEN00098,2025-10-13,L03,P07,VND06,3,15100,8750,0,Concluida
VEN00099,2025-10-02,L05,P03,VND10,3,7900,4550,5,Concluida
VEN00100,2025-06-17,L04,P12,VND07,5,24100,14000,10,Concluida
VEN00101,2025-07-13,L03,P08,VND06,3,16900,9800,5,Concluida
VEN00102,2025-07-19,L02,P12,VND04,3,24100,14000,10,Cancelada
VEN00103,2025-10-12,L06,P07,VND11,1,15100,8750,10,Concluida
VEN00104,2025-07-05,L08,P10,VND16,4,20500,11900,0,Concluida
VEN00105,2025-03-05,L07,P02,VND14,2,6100,3500,0,Concluida
VEN00106,2025-05-19,L04,P05,VND07,5,11500,6650,0,Concluida
VEN00107,2025-04-26,L02,P12,VND03,5,24100,14000,5,Concluida
VEN00108,2025-04-15,L03,P09,VND06,3,18700,10850,0,Concluida
VEN00109,2025-04-28,L04,P11,VND07,3,22300,12950,5,Concluida
VEN00110,2025-05-29,L05,P11,VND10,2,22300,12950,0,Concluida
VEN00111,2025-08-24,L08,P07,VND16,4,15100,8750,0,Concluida
VEN00112,2025-05-03,L05,P11,VND10,2,22300,12950,5,Concluida
VEN00113,2025-05-18,L01,P05,VND01,2,11500,6650,0,Concluida
VEN00114,2025-07-31,L02,P02,VND04,1,6100,3500,5,Concluida
VEN00115,2025-11-17,L03,P08,VND06,3,16900,9800,0,Concluida
VEN00116,2025-09-23,L04,P08,VND07,5,16900,9800,0,Concluida
VEN00117,2025-02-26,L03,P02,VND05,3,6100,3500,0,Concluida
VEN00118,2025-10-19,L03,P10,VND05,5,20500,11900,5,Concluida
VEN00119,2025-01-22,L04,P12,VND08,1,24100,14000,0,Cancelada
VEN00120,2025-02-09,L08,P11,VND15,3,22300,12950,0,Concluida
VEN00121,2025-09-13,L06,P10,VND12,5,20500,11900,5,Concluida
VEN00122,2025-07-18,L03,P09,VND05,2,18700,10850,5,Concluida
VEN00123,2025-05-07,L02,P04,VND03,4,9700,5600,0,Concluida
VEN00124,2025-03-24,L07,P04,VND14,4,9700,5600,5,Concluida
VEN00125,2025-07-18,L07,P08,VND13,1,16900,9800,10,Concluida
VEN00126,2025-11-06,L03,P01,VND06,1,4300,2450,5,Concluida
VEN00127,2025-07-31,L01,P01,VND01,3,4300,2450,10,Concluida
VEN00128,2025-02-15,L05,P05,VND10,2,11500,6650,0,Concluida
VEN00129,2025-09-13,L08,P10,VND15,1,20500,11900,0,Concluida
VEN00130,2025-05-08,L07,P05,VND13,2,11500,6650,10,Concluida
VEN00131,2025-09-14,L07,P03,VND14,2,7900,4550,5,Concluida
VEN00132,2025-11-27,L02,P09,VND04,4,18700,10850,0,Concluida
VEN00133,2025-08-13,L03,P06,VND05,3,13300,7700,10,Concluida
VEN00134,2025-03-07,L04,P05,VND08,3,11500,6650,0,Concluida
VEN00135,2025-10-14,L04,P12,VND08,3,24100,14000,0,Concluida
VEN00136,2025-01-15,L02,P05,VND03,1,11500,6650,0,Cancelada
VEN00137,2025-03-04,L05,P07,VND10,1,15100,8750,10,Concluida
VEN00138,2025-02-25,L06,P02,VND12,2,6100,3500,0,Concluida
VEN00139,2025-08-03,L07,P07,VND13,3,15100,8750,10,Concluida
VEN00140,2025-11-28,L03,P06,VND05,1,13300,7700,0,Concluida
VEN00141,2025-09-11,L02,P12,VND03,5,24100,14000,10,Concluida
VEN00142,2025-07-18,L08,P01,VND15,5,4300,2450,5,Concluida
VEN00143,2025-03-08,L07,P05,VND13,2,11500,6650,5,Concluida
VEN00144,2025-06-27,L02,P03,VND03,4,7900,4550,10,Concluida
VEN00145,2025-01-15,L07,P05,VND13,5,11500,6650,0,Concluida
VEN00146,2025-07-03,L03,P01,VND05,2,4300,2450,0,Concluida
VEN00147,2025-05-30,L01,P05,VND02,3,11500,6650,0,Concluida
VEN00148,2025-07-13,L04,P01,VND07,4,4300,2450,0,Concluida
VEN00149,2025-02-24,L04,P02,VND08,4,6100,3500,0,Concluida
VEN00150,2025-12-15,L06,P12,VND11,4,24100,14000,0,Concluida
VEN00151,2025-10-22,L07,P11,VND14,1,22300,12950,5,Concluida
VEN00152,2025-05-05,L04,P05,VND07,1,11500,6650,0,Concluida
VEN00153,2025-05-31,L06,P02,VND12,1,6100,3500,0,Cancelada
VEN00154,2025-11-16,L08,P06,VND15,5,13300,7700,0,Concluida
VEN00155,2025-12-26,L07,P05,VND14,2,11500,6650,10,Concluida
VEN00156,2025-06-05,L06,P04,VND12,3,9700,5600,0,Concluida
VEN00157,2025-12-09,L03,P05,VND05,5,11500,6650,0,Concluida
VEN00158,2025-07-30,L01,P10,VND01,3,20500,11900,0,Concluida
VEN00159,2025-10-05,L02,P10,VND04,4,20500,11900,5,Concluida
VEN00160,2025-07-28,L08,P02,VND15,2,6100,3500,5,Concluida
VEN00161,2025-08-30,L08,P03,VND15,2,7900,4550,5,Concluida
VEN00162,2025-10-14,L06,P02,VND11,2,6100,3500,0,Concluida
VEN00163,2025-12-28,L04,P08,VND07,5,16900,9800,0,Concluida
VEN00164,2025-03-10,L07,P02,VND13,3,6100,3500,0,Concluida
VEN00165,2025-10-09,L04,P10,VND07,4,20500,11900,0,Concluida
VEN00166,2025-05-19,L01,P03,VND02,4,7900,4550,5,Concluida
VEN00167,2025-12-03,L06,P05,VND11,4,11500,6650,10,Concluida
VEN00168,2025-03-13,L08,P04,VND15,1,9700,5600,5,Concluida
VEN00169,2025-10-18,L03,P10,VND06,3,20500,11900,10,Concluida
VEN00170,2025-06-09,L07,P11,VND14,4,22300,12950,0,Cancelada
VEN00171,2025-10-14,L03,P03,VND06,5,7900,4550,0,Concluida
VEN00172,2025-01-14,L04,P12,VND08,5,24100,14000,0,Concluida
VEN00173,2025-05-25,L02,P10,VND04,4,20500,11900,5,Concluida
VEN00174,2025-07-15,L07,P11,VND13,2,22300,12950,5,Concluida
VEN00175,2025-05-02,L04,P01,VND07,2,4300,2450,10,Concluida
VEN00176,2025-10-07,L06,P10,VND12,3,20500,11900,5,Concluida
VEN00177,2025-03-30,L07,P11,VND13,5,22300,12950,0,Concluida
VEN00178,2025-05-20,L06,P03,VND11,5,7900,4550,10,Concluida
VEN00179,2025-05-31,L05,P10,VND09,1,20500,11900,10,Concluida
VEN00180,2025-07-09,L06,P05,VND11,3,11500,6650,10,Concluida
VEN00181,2025-02-10,L05,P04,VND10,1,9700,5600,10,Concluida
VEN00182,2025-12-14,L05,P11,VND10,4,22300,12950,5,Concluida
VEN00183,2025-08-02,L03,P10,VND05,4,20500,11900,0,Concluida
VEN00184,2025-02-01,L08,P08,VND15,3,16900,9800,0,Concluida
VEN00185,2025-07-29,L01,P01,VND02,1,4300,2450,0,Concluida
VEN00186,2025-08-29,L07,P01,VND14,5,4300,2450,0,Concluida
VEN00187,2025-02-15,L07,P09,VND13,3,18700,10850,5,Cancelada
VEN00188,2025-05-25,L08,P08,VND15,5,16900,9800,0,Concluida
VEN00189,2025-07-23,L02,P09,VND03,3,18700,10850,10,Concluida
VEN00190,2025-04-13,L05,P05,VND10,1,11500,6650,0,Concluida
VEN00191,2025-05-24,L05,P07,VND09,3,15100,8750,5,Concluida
VEN00192,2025-11-22,L08,P10,VND16,2,20500,11900,0,Concluida
VEN00193,2025-12-24,L07,P09,VND13,2,18700,10850,0,Concluida
VEN00194,2025-04-11,L06,P10,VND11,5,20500,11900,0,Concluida
VEN00195,2025-11-24,L05,P09,VND10,2,18700,10850,5,Concluida
VEN00196,2025-11-15,L03,P08,VND05,3,16900,9800,0,Concluida
VEN00197,2025-07-27,L02,P12,VND04,2,24100,14000,10,Concluida
VEN00198,2025-09-26,L04,P11,VND07,3,22300,12950,10,Concluida
VEN00199,2025-04-07,L02,P04,VND04,2,9700,5600,0,Concluida
VEN00200,2025-11-29,L02,P12,VND03,4,24100,14000,0,Concluida
VEN00201,2025-05-24,L06,P01,VND11,4,4300,2450,0,Concluida
VEN00202,2025-06-13,L01,P06,VND02,4,13300,7700,5,Concluida
VEN00203,2025-03-06,L06,P08,VND11,3,16900,9800,5,Concluida
VEN00204,2025-06-08,L05,P04,VND09,1,9700,5600,5,Cancelada
VEN00205,2025-05-22,L02,P07,VND04,1,15100,8750,5,Concluida
VEN00206,2025-12-20,L07,P02,VND13,2,6100,3500,0,Concluida
VEN00207,2025-07-06,L04,P03,VND08,4,7900,4550,0,Concluida
VEN00208,2025-01-21,L08,P06,VND16,2,13300,7700,10,Concluida
VEN00209,2025-08-07,L01,P09,VND01,4,18700,10850,0,Concluida
VEN00210,2025-06-10,L05,P06,VND10,3,13300,7700,0,Concluida
VEN00211,2025-08-08,L08,P11,VND15,4,22300,12950,0,Concluida
VEN00212,2025-10-07,L01,P04,VND02,5,9700,5600,0,Concluida
VEN00213,2025-03-01,L06,P11,VND11,1,22300,12950,0,Concluida
VEN00214,2025-07-21,L08,P03,VND16,5,7900,4550,10,Concluida
VEN00215,2025-05-25,L04,P12,VND08,3,24100,14000,0,Concluida
VEN00216,2025-07-13,L04,P03,VND08,1,7900,4550,10,Concluida
VEN00217,2025-12-17,L08,P02,VND15,3,6100,3500,0,Concluida
VEN00218,2025-03-17,L05,P02,VND09,5,6100,3500,5,Concluida
VEN00219,2025-07-20,L07,P10,VND14,2,20500,11900,0,Concluida
VEN00220,2025-07-14,L08,P07,VND16,5,15100,8750,10,Concluida
VEN00221,2025-07-24,L03,P12,VND05,2,24100,14000,5,Cancelada
VEN00222,2025-09-07,L03,P02,VND05,2,6100,3500,0,Concluida
VEN00223,2025-04-28,L07,P01,VND14,5,4300,2450,10,Concluida
VEN00224,2025-12-01,L02,P07,VND03,3,15100,8750,0,Concluida
VEN00225,2025-02-06,L06,P09,VND12,5,18700,10850,10,Concluida
VEN00226,2025-07-23,L05,P01,VND09,1,4300,2450,5,Concluida
VEN00227,2025-11-16,L06,P12,VND11,2,24100,14000,0,Concluida
VEN00228,2025-04-14,L01,P10,VND01,2,20500,11900,0,Concluida
VEN00229,2025-01-05,L06,P01,VND12,4,4300,2450,0,Concluida
VEN00230,2025-10-29,L07,P03,VND13,2,7900,4550,10,Concluida
VEN00231,2025-02-19,L01,P11,VND02,4,22300,12950,0,Concluida
VEN00232,2025-08-20,L05,P07,VND09,3,15100,8750,0,Concluida
VEN00233,2025-08-21,L05,P08,VND10,1,16900,9800,0,Concluida
VEN00234,2025-11-29,L01,P09,VND02,5,18700,10850,10,Concluida
VEN00235,2025-04-28,L03,P06,VND05,4,13300,7700,0,Concluida
VEN00236,2025-09-09,L02,P02,VND04,4,6100,3500,5,Concluida
VEN00237,2025-12-01,L08,P12,VND15,3,24100,14000,10,Concluida
VEN00238,2025-03-09,L08,P05,VND15,5,11500,6650,10,Cancelada
VEN00239,2025-02-22,L02,P07,VND04,3,15100,8750,0,Concluida
VEN00240,2025-10-15,L03,P02,VND05,2,6100,3500,10,Concluida
VEN00241,2025-12-27,L01,P07,VND02,2,15100,8750,0,Concluida
VEN00242,2025-04-30,L04,P10,VND08,5,20500,11900,0,Concluida
VEN00243,2025-12-24,L06,P05,VND12,1,11500,6650,0,Concluida
VEN00244,2025-07-03,L07,P01,VND13,3,4300,2450,0,Concluida
VEN00245,2025-05-22,L06,P04,VND11,5,9700,5600,0,Concluida
VEN00246,2025-09-07,L03,P09,VND05,3,18700,10850,0,Concluida
VEN00247,2025-04-16,L01,P04,VND02,2,9700,5600,0,Concluida
VEN00248,2025-08-01,L04,P08,VND07,4,16900,9800,0,Concluida
VEN00249,2025-05-12,L02,P03,VND03,4,7900,4550,5,Concluida
VEN00250,2025-06-26,L01,P10,VND01,1,20500,11900,0,Concluida
VEN00251,2025-10-08,L03,P01,VND06,3,4300,2450,5,Concluida
VEN00252,2025-12-26,L02,P11,VND03,5,22300,12950,5,Concluida
VEN00253,2025-12-23,L07,P11,VND13,5,22300,12950,0,Concluida
VEN00254,2025-08-23,L01,P08,VND01,5,16900,9800,10,Concluida
VEN00255,2025-01-11,L06,P01,VND11,5,4300,2450,0,Cancelada
VEN00256,2025-12-05,L06,P05,VND11,3,11500,6650,10,Concluida
VEN00257,2025-02-25,L07,P02,VND14,4,6100,3500,5,Concluida
VEN00258,2025-10-30,L06,P12,VND12,1,24100,14000,10,Concluida
VEN00259,2025-02-12,L01,P08,VND02,1,16900,9800,10,Concluida
VEN00260,2025-02-22,L07,P09,VND13,3,18700,10850,10,Concluida
VEN00261,2025-07-01,L08,P10,VND16,3,20500,11900,5,Concluida
VEN00262,2025-12-02,L05,P12,VND09,3,24100,14000,0,Concluida
VEN00263,2025-03-13,L07,P03,VND14,2,7900,4550,10,Concluida
VEN00264,2025-02-11,L02,P05,VND04,5,11500,6650,0,Concluida
VEN00265,2025-07-10,L04,P09,VND07,1,18700,10850,0,Concluida
VEN00266,2025-07-07,L06,P01,VND11,5,4300,2450,0,Concluida
VEN00267,2025-04-07,L07,P05,VND13,3,11500,6650,0,Concluida
VEN00268,2025-11-04,L03,P12,VND05,3,24100,14000,5,Concluida
VEN00269,2025-01-09,L04,P05,VND07,5,11500,6650,0,Concluida
VEN00270,2025-01-08,L08,P09,VND15,5,18700,10850,10,Concluida
VEN00271,2025-11-15,L05,P11,VND09,3,22300,12950,5,Concluida
VEN00272,2025-10-17,L07,P07,VND13,1,15100,8750,0,Cancelada
VEN00273,2025-08-30,L06,P09,VND12,3,18700,10850,0,Concluida
VEN00274,2025-09-10,L02,P12,VND03,1,24100,14000,0,Concluida
VEN00275,2025-09-10,L06,P11,VND12,5,22300,12950,5,Concluida
VEN00276,2025-02-05,L06,P02,VND11,1,6100,3500,10,Concluida
VEN00277,2025-11-20,L05,P01,VND10,5,4300,2450,0,Concluida
VEN00278,2025-08-06,L01,P01,VND02,5,4300,2450,0,Concluida
VEN00279,2025-03-08,L02,P06,VND03,4,13300,7700,5,Concluida
VEN00280,2025-11-28,L04,P09,VND08,2,18700,10850,10,Concluida
VEN00281,2025-11-30,L02,P03,VND04,5,7900,4550,0,Concluida
VEN00282,2025-11-24,L02,P06,VND03,3,13300,7700,5,Concluida
VEN00283,2025-12-25,L01,P11,VND01,3,22300,12950,10,Concluida
VEN00284,2025-08-18,L08,P03,VND15,3,7900,4550,10,Concluida
VEN00285,2025-10-22,L06,P12,VND11,4,24100,14000,0,Concluida
VEN00286,2025-11-22,L02,P01,VND04,3,4300,2450,10,Concluida
VEN00287,2025-08-02,L01,P02,VND02,1,6100,3500,0,Concluida
VEN00288,2025-12-17,L01,P10,VND01,2,20500,11900,5,Concluida
VEN00289,2025-01-22,L02,P03,VND04,4,7900,4550,5,Cancelada
VEN00290,2025-04-28,L05,P10,VND10,2,20500,11900,5,Concluida
VEN00291,2025-08-22,L01,P10,VND02,5,20500,11900,10,Concluida
VEN00292,2025-09-14,L05,P02,VND10,3,6100,3500,5,Concluida
VEN00293,2025-10-11,L06,P05,VND11,5,11500,6650,10,Concluida
VEN00294,2025-07-24,L08,P07,VND15,4,15100,8750,0,Concluida
VEN00295,2025-12-28,L02,P08,VND04,3,16900,9800,0,Concluida
VEN00296,2025-01-10,L02,P04,VND04,5,9700,5600,10,Concluida
VEN00297,2025-05-10,L04,P08,VND07,2,16900,9800,10,Concluida
VEN00298,2025-06-21,L01,P12,VND01,1,24100,14000,0,Concluida
VEN00299,2025-10-26,L05,P12,VND09,2,24100,14000,0,Concluida
VEN00300,2025-10-19,L07,P03,VND14,2,7900,4550,5,Concluida
VEN00301,2025-05-15,L07,P04,VND14,1,9700,5600,5,Concluida
VEN00302,2025-06-08,L02,P08,VND03,3,16900,9800,0,Concluida
VEN00303,2025-07-03,L08,P11,VND16,1,22300,12950,10,Concluida
VEN00304,2025-08-03,L07,P08,VND14,1,16900,9800,5,Concluida
VEN00305,2025-11-24,L01,P04,VND02,3,9700,5600,10,Concluida
VEN00306,2025-02-28,L08,P06,VND15,4,13300,7700,5,Cancelada
VEN00307,2025-05-21,L03,P01,VND06,3,4300,2450,0,Concluida
VEN00308,2025-11-11,L03,P10,VND05,5,20500,11900,5,Concluida
VEN00309,2025-04-22,L04,P06,VND07,5,13300,7700,5,Concluida
VEN00310,2025-03-12,L01,P10,VND01,5,20500,11900,0,Concluida
VEN00311,2025-05-01,L03,P02,VND05,1,6100,3500,5,Concluida
VEN00312,2025-02-28,L07,P04,VND13,5,9700,5600,5,Concluida
VEN00313,2025-06-21,L06,P10,VND12,3,20500,11900,0,Concluida
VEN00314,2025-06-12,L05,P07,VND10,5,15100,8750,5,Concluida
VEN00315,2025-06-10,L05,P12,VND10,3,24100,14000,0,Concluida
VEN00316,2025-11-01,L05,P06,VND10,2,13300,7700,0,Concluida
VEN00317,2025-03-13,L04,P02,VND08,5,6100,3500,10,Concluida
VEN00318,2025-04-10,L04,P03,VND07,2,7900,4550,10,Concluida
VEN00319,2025-05-14,L07,P01,VND14,1,4300,2450,0,Concluida
VEN00320,2025-11-22,L04,P12,VND07,1,24100,14000,0,Concluida
VEN00321,2025-02-14,L05,P12,VND09,4,24100,14000,0,Concluida
VEN00322,2025-06-16,L02,P12,VND04,1,24100,14000,10,Concluida
VEN00323,2025-08-26,L02,P02,VND04,3,6100,3500,0,Cancelada
VEN00324,2025-12-14,L07,P11,VND13,1,22300,12950,10,Concluida
VEN00325,2025-04-07,L05,P05,VND09,3,11500,6650,0,Concluida
VEN00326,2025-03-12,L05,P03,VND09,5,7900,4550,0,Concluida
VEN00327,2025-03-28,L02,P02,VND04,2,6100,3500,0,Concluida
VEN00328,2025-12-19,L05,P09,VND10,1,18700,10850,5,Concluida
VEN00329,2025-11-09,L05,P04,VND09,4,9700,5600,0,Concluida
VEN00330,2025-06-05,L01,P09,VND02,5,18700,10850,10,Concluida
VEN00331,2025-08-29,L04,P12,VND08,1,24100,14000,0,Concluida
VEN00332,2025-11-11,L06,P10,VND12,2,20500,11900,0,Concluida
VEN00333,2025-12-08,L07,P07,VND14,5,15100,8750,10,Concluida
VEN00334,2025-03-23,L08,P07,VND15,5,15100,8750,0,Concluida
VEN00335,2025-12-03,L08,P08,VND16,2,16900,9800,0,Concluida
VEN00336,2025-02-23,L07,P10,VND14,5,20500,11900,0,Concluida
VEN00337,2025-08-22,L03,P04,VND06,2,9700,5600,0,Concluida
VEN00338,2025-03-03,L04,P05,VND08,5,11500,6650,0,Concluida
VEN00339,2025-01-19,L04,P04,VND07,1,9700,5600,0,Concluida
VEN00340,2025-11-14,L07,P12,VND14,3,24100,14000,5,Cancelada
VEN00341,2025-11-15,L08,P05,VND16,5,11500,6650,5,Concluida
VEN00342,2025-12-17,L06,P10,VND11,5,20500,11900,5,Concluida
VEN00343,2025-03-13,L04,P08,VND08,3,16900,9800,0,Concluida
VEN00344,2025-09-14,L02,P08,VND03,5,16900,9800,0,Concluida
VEN00345,2025-07-30,L04,P09,VND07,1,18700,10850,5,Concluida
VEN00346,2025-12-06,L08,P01,VND16,3,4300,2450,10,Concluida
VEN00347,2025-02-10,L02,P02,VND03,4,6100,3500,10,Concluida
VEN00348,2025-09-14,L04,P07,VND07,4,15100,8750,0,Concluida
VEN00349,2025-02-12,L07,P12,VND13,4,24100,14000,10,Concluida
VEN00350,2025-10-19,L07,P11,VND13,5,22300,12950,0,Concluida
VEN00351,2025-11-19,L02,P07,VND04,4,15100,8750,5,Concluida
VEN00352,2025-09-30,L07,P07,VND14,5,15100,8750,0,Concluida
VEN00353,2025-09-05,L05,P03,VND10,2,7900,4550,0,Concluida
VEN00354,2025-01-16,L06,P12,VND11,2,24100,14000,0,Concluida
VEN00355,2025-03-16,L03,P11,VND05,5,22300,12950,10,Concluida
VEN00356,2025-01-25,L05,P04,VND10,3,9700,5600,10,Concluida
VEN00357,2025-12-10,L03,P02,VND06,1,6100,3500,0,Cancelada
VEN00358,2025-05-24,L05,P04,VND10,5,9700,5600,5,Concluida
VEN00359,2025-10-22,L01,P11,VND01,4,22300,12950,5,Concluida
VEN00360,2025-01-03,L06,P09,VND12,5,18700,10850,0,Concluida
VEN00361,2025-07-03,L04,P10,VND08,5,20500,11900,0,Concluida
VEN00362,2025-03-19,L02,P06,VND03,2,13300,7700,10,Concluida
VEN00363,2025-10-17,L07,P01,VND13,1,4300,2450,10,Concluida
VEN00364,2025-09-15,L07,P02,VND14,4,6100,3500,5,Concluida
VEN00365,2025-06-29,L04,P05,VND08,3,11500,6650,0,Concluida
VEN00366,2025-09-04,L04,P02,VND08,2,6100,3500,5,Concluida
VEN00367,2025-01-23,L06,P01,VND11,1,4300,2450,0,Concluida
VEN00368,2025-01-15,L01,P04,VND02,3,9700,5600,5,Concluida
VEN00369,2025-11-20,L04,P07,VND07,4,15100,8750,10,Concluida
VEN00370,2025-04-26,L03,P07,VND05,1,15100,8750,10,Concluida
VEN00371,2025-04-22,L02,P08,VND03,3,16900,9800,10,Concluida
VEN00372,2025-07-08,L05,P07,VND10,5,15100,8750,5,Concluida
VEN00373,2025-01-04,L08,P04,VND15,5,9700,5600,0,Concluida
VEN00374,2025-01-04,L06,P09,VND11,5,18700,10850,10,Cancelada
VEN00375,2025-10-25,L01,P04,VND02,3,9700,5600,0,Concluida
VEN00376,2025-05-25,L04,P09,VND07,2,18700,10850,5,Concluida
VEN00377,2025-11-16,L08,P02,VND15,1,6100,3500,0,Concluida
VEN00378,2025-06-22,L01,P06,VND02,4,13300,7700,0,Concluida
VEN00379,2025-03-04,L07,P04,VND14,3,9700,5600,10,Concluida
VEN00380,2025-09-16,L04,P02,VND07,5,6100,3500,5,Concluida
VEN00381,2025-05-07,L02,P06,VND03,4,13300,7700,0,Concluida
VEN00382,2025-08-02,L02,P10,VND03,5,20500,11900,0,Concluida
VEN00383,2025-11-10,L04,P03,VND07,1,7900,4550,0,Concluida
VEN00384,2025-12-17,L01,P02,VND01,1,6100,3500,10,Concluida
VEN00385,2025-12-08,L06,P03,VND11,1,7900,4550,5,Concluida
VEN00386,2025-11-03,L06,P07,VND11,5,15100,8750,0,Concluida
VEN00387,2025-05-11,L02,P05,VND03,3,11500,6650,0,Concluida
VEN00388,2025-02-15,L08,P09,VND16,2,18700,10850,10,Concluida
VEN00389,2025-07-05,L04,P05,VND08,4,11500,6650,10,Concluida
VEN00390,2025-08-12,L08,P10,VND16,5,20500,11900,10,Concluida
VEN00391,2025-01-08,L01,P07,VND02,3,15100,8750,0,Cancelada
VEN00392,2025-08-07,L04,P09,VND07,1,18700,10850,0,Concluida
VEN00393,2025-04-05,L06,P09,VND11,3,18700,10850,0,Concluida
VEN00394,2025-01-12,L08,P06,VND15,5,13300,7700,5,Concluida
VEN00395,2025-05-17,L08,P04,VND15,4,9700,5600,5,Concluida
VEN00396,2025-10-15,L07,P12,VND14,1,24100,14000,0,Concluida
VEN00397,2025-08-31,L02,P01,VND03,2,4300,2450,0,Concluida
VEN00398,2025-07-26,L04,P12,VND07,3,24100,14000,0,Concluida
VEN00399,2025-01-15,L05,P09,VND10,5,18700,10850,10,Concluida
VEN00400,2025-04-24,L08,P01,VND15,4,4300,2450,5,Concluida
VEN00401,2025-02-28,L06,P07,VND12,1,15100,8750,0,Concluida
VEN00402,2025-03-16,L02,P11,VND03,2,22300,12950,0,Concluida
VEN00403,2025-08-08,L07,P06,VND13,2,13300,7700,0,Concluida
VEN00404,2025-04-26,L03,P01,VND06,4,4300,2450,10,Concluida
VEN00405,2025-01-10,L04,P07,VND08,2,15100,8750,0,Concluida
VEN00406,2025-06-20,L05,P07,VND10,2,15100,8750,10,Concluida
VEN00407,2025-06-30,L01,P09,VND02,3,18700,10850,0,Concluida
VEN00408,2025-07-08,L03,P03,VND05,3,7900,4550,10,Cancelada
VEN00409,2025-09-17,L05,P02,VND10,2,6100,3500,0,Concluida
VEN00410,2025-08-05,L03,P04,VND06,4,9700,5600,0,Concluida
VEN00411,2025-06-09,L08,P01,VND16,3,4300,2450,0,Concluida
VEN00412,2025-01-28,L02,P06,VND03,4,13300,7700,0,Concluida
VEN00413,2025-03-28,L03,P05,VND05,5,11500,6650,10,Concluida
VEN00414,2025-09-24,L02,P06,VND04,5,13300,7700,5,Concluida
VEN00415,2025-08-19,L04,P10,VND07,4,20500,11900,0,Concluida
VEN00416,2025-05-16,L02,P03,VND04,4,7900,4550,5,Concluida
VEN00417,2025-01-26,L05,P09,VND10,4,18700,10850,5,Concluida
VEN00418,2025-09-08,L01,P06,VND02,5,13300,7700,0,Concluida
VEN00419,2025-07-01,L05,P04,VND09,3,9700,5600,0,Concluida
VEN00420,2025-01-03,L08,P04,VND15,1,9700,5600,0,Concluida
VEN00421,2025-01-25,L05,P04,VND09,1,9700,5600,0,Concluida
VEN00422,2025-01-25,L03,P06,VND06,5,13300,7700,0,Concluida
VEN00423,2025-11-18,L01,P04,VND01,5,9700,5600,0,Concluida
VEN00424,2025-01-09,L08,P05,VND16,5,11500,6650,0,Concluida
VEN00425,2025-09-15,L01,P05,VND01,1,11500,6650,10,Cancelada
VEN00426,2025-01-20,L02,P01,VND03,5,4300,2450,5,Concluida
VEN00427,2025-10-05,L06,P02,VND11,2,6100,3500,5,Concluida
VEN00428,2025-07-16,L07,P12,VND14,4,24100,14000,10,Concluida
VEN00429,2025-12-28,L02,P05,VND03,2,11500,6650,10,Concluida
VEN00430,2025-06-20,L04,P08,VND08,4,16900,9800,0,Concluida
VEN00431,2025-07-17,L08,P08,VND16,4,16900,9800,5,Concluida
VEN00432,2025-09-24,L04,P08,VND07,5,16900,9800,0,Concluida
VEN00433,2025-03-18,L01,P02,VND01,4,6100,3500,0,Concluida
VEN00434,2025-03-14,L06,P04,VND11,1,9700,5600,10,Concluida
VEN00435,2025-01-06,L01,P07,VND01,5,15100,8750,5,Concluida
VEN00436,2025-10-11,L07,P10,VND13,2,20500,11900,0,Concluida
VEN00437,2025-03-22,L04,P07,VND07,5,15100,8750,0,Concluida
VEN00438,2025-08-05,L04,P08,VND07,5,16900,9800,0,Concluida
VEN00439,2025-12-29,L03,P07,VND06,5,15100,8750,10,Concluida
VEN00440,2025-10-28,L08,P11,VND16,5,22300,12950,0,Concluida
VEN00441,2025-10-27,L02,P11,VND03,2,22300,12950,5,Concluida
VEN00442,2025-05-23,L05,P03,VND10,2,7900,4550,0,Cancelada
VEN00443,2025-06-25,L04,P11,VND07,5,22300,12950,10,Concluida
VEN00444,2025-03-30,L06,P05,VND12,4,11500,6650,10,Concluida
VEN00445,2025-07-20,L02,P12,VND03,1,24100,14000,0,Concluida
VEN00446,2025-04-07,L07,P11,VND14,1,22300,12950,10,Concluida
VEN00447,2025-09-04,L07,P05,VND14,1,11500,6650,0,Concluida
VEN00448,2025-11-28,L02,P04,VND04,5,9700,5600,10,Concluida
VEN00449,2025-05-18,L07,P04,VND14,3,9700,5600,0,Concluida
VEN00450,2025-12-10,L05,P07,VND09,1,15100,8750,5,Concluida
VEN00451,2025-12-06,L08,P09,VND15,3,18700,10850,0,Concluida
VEN00452,2025-11-10,L01,P05,VND01,1,11500,6650,5,Concluida
VEN00453,2025-01-25,L07,P12,VND13,1,24100,14000,0,Concluida
VEN00454,2025-11-15,L06,P07,VND12,1,15100,8750,5,Concluida
VEN00455,2025-04-10,L07,P03,VND14,4,7900,4550,0,Concluida
VEN00456,2025-11-19,L05,P09,VND09,1,18700,10850,0,Concluida
VEN00457,2025-01-22,L02,P07,VND04,3,15100,8750,0,Concluida
VEN00458,2025-02-23,L04,P05,VND07,4,11500,6650,0,Concluida
VEN00459,2025-04-19,L03,P12,VND06,1,24100,14000,0,Cancelada
VEN00460,2025-11-14,L03,P11,VND05,5,22300,12950,10,Concluida
VEN00461,2025-11-20,L03,P06,VND05,1,13300,7700,0,Concluida
VEN00462,2025-01-04,L02,P06,VND04,2,13300,7700,10,Concluida
VEN00463,2025-08-16,L01,P12,VND02,2,24100,14000,0,Concluida
VEN00464,2025-07-25,L04,P04,VND07,2,9700,5600,0,Concluida
VEN00465,2025-09-10,L05,P06,VND09,5,13300,7700,0,Concluida
VEN00466,2025-02-06,L06,P07,VND11,4,15100,8750,0,Concluida
VEN00467,2025-10-17,L04,P08,VND07,3,16900,9800,10,Concluida
VEN00468,2025-12-12,L05,P01,VND10,4,4300,2450,10,Concluida
VEN00469,2025-09-20,L03,P01,VND05,1,4300,2450,0,Concluida
VEN00470,2025-11-01,L08,P08,VND16,5,16900,9800,10,Concluida
VEN00471,2025-02-05,L08,P05,VND16,1,11500,6650,10,Concluida
VEN00472,2025-03-08,L02,P05,VND04,2,11500,6650,0,Concluida
VEN00473,2025-08-21,L07,P11,VND13,1,22300,12950,10,Concluida
VEN00474,2025-11-03,L07,P07,VND14,1,15100,8750,5,Concluida
VEN00475,2025-07-06,L02,P10,VND04,4,20500,11900,5,Concluida
VEN00476,2025-06-27,L07,P12,VND13,3,24100,14000,10,Cancelada
VEN00477,2025-02-20,L03,P12,VND06,5,24100,14000,5,Concluida
VEN00478,2025-06-03,L07,P11,VND13,1,22300,12950,10,Concluida
VEN00479,2025-09-05,L04,P09,VND07,4,18700,10850,10,Concluida
VEN00480,2025-02-26,L05,P09,VND10,3,18700,10850,0,Concluida
VEN00481,2025-09-24,L03,P06,VND06,5,13300,7700,0,Concluida
VEN00482,2025-11-15,L08,P08,VND16,1,16900,9800,10,Concluida
VEN00483,2025-05-01,L03,P01,VND06,5,4300,2450,5,Concluida
VEN00484,2025-07-28,L04,P12,VND08,3,24100,14000,10,Concluida
VEN00485,2025-04-07,L06,P05,VND11,4,11500,6650,0,Concluida
VEN00486,2025-07-06,L04,P07,VND07,2,15100,8750,0,Concluida
VEN00487,2025-05-12,L06,P10,VND11,1,20500,11900,0,Concluida
VEN00488,2025-02-05,L01,P10,VND02,5,20500,11900,5,Concluida
VEN00489,2025-05-31,L04,P01,VND08,1,4300,2450,5,Concluida
VEN00490,2025-07-13,L06,P02,VND11,4,6100,3500,5,Concluida
VEN00491,2025-05-14,L06,P09,VND12,1,18700,10850,5,Concluida
VEN00492,2025-02-14,L04,P02,VND08,3,6100,3500,0,Concluida
VEN00493,2025-03-19,L07,P03,VND13,1,7900,4550,10,Cancelada
VEN00494,2025-09-29,L07,P06,VND13,2,13300,7700,10,Concluida
VEN00495,2025-12-30,L08,P01,VND16,1,4300,2450,5,Concluida
VEN00496,2025-04-27,L04,P02,VND07,4,6100,3500,10,Concluida
VEN00497,2025-03-15,L03,P07,VND05,1,15100,8750,5,Concluida
VEN00498,2025-02-09,L07,P08,VND13,4,16900,9800,5,Concluida
VEN00499,2025-06-20,L01,P08,VND02,2,16900,9800,10,Concluida
VEN00500,2025-08-15,L03,P02,VND05,3,6100,3500,0,Concluida
VEN00501,2025-07-22,L04,P08,VND08,1,16900,9800,0,Concluida
VEN00502,2025-10-01,L02,P05,VND04,3,11500,6650,0,Concluida
VEN00503,2025-07-26,L02,P07,VND03,1,15100,8750,10,Concluida
VEN00504,2025-01-03,L04,P11,VND07,1,22300,12950,5,Concluida
VEN00505,2025-08-26,L03,P11,VND06,1,22300,12950,0,Concluida
VEN00506,2025-09-16,L06,P05,VND12,4,11500,6650,10,Concluida
VEN00507,2025-06-25,L03,P04,VND06,5,9700,5600,5,Concluida
VEN00508,2025-07-28,L04,P12,VND08,1,24100,14000,5,Concluida
VEN00509,2025-07-15,L01,P11,VND02,4,22300,12950,10,Concluida
VEN00510,2025-10-28,L08,P06,VND16,1,13300,7700,0,Cancelada
VEN00511,2025-08-15,L05,P04,VND10,3,9700,5600,5,Concluida
VEN00512,2025-08-06,L05,P06,VND10,1,13300,7700,0,Concluida
VEN00513,2025-01-31,L07,P11,VND13,3,22300,12950,10,Concluida
VEN00514,2025-12-05,L07,P09,VND14,2,18700,10850,5,Concluida
VEN00515,2025-01-28,L06,P02,VND12,4,6100,3500,0,Concluida
VEN00516,2025-12-22,L07,P09,VND13,1,18700,10850,0,Concluida
VEN00517,2025-11-17,L05,P08,VND10,5,16900,9800,5,Concluida
VEN00518,2025-04-27,L05,P05,VND10,1,11500,6650,5,Concluida
VEN00519,2025-11-08,L01,P01,VND01,2,4300,2450,0,Concluida
VEN00520,2025-08-23,L08,P01,VND15,2,4300,2450,0,Concluida
VEN00521,2025-04-08,L07,P10,VND14,3,20500,11900,5,Concluida
VEN00522,2025-03-06,L06,P03,VND11,4,7900,4550,5,Concluida
VEN00523,2025-09-25,L04,P09,VND07,5,18700,10850,0,Concluida
VEN00524,2025-04-05,L02,P09,VND03,1,18700,10850,5,Concluida
VEN00525,2025-04-23,L08,P05,VND15,4,11500,6650,5,Concluida
VEN00526,2025-12-01,L05,P10,VND09,5,20500,11900,0,Concluida
VEN00527,2025-12-18,L03,P01,VND06,3,4300,2450,0,Cancelada
VEN00528,2025-12-06,L07,P03,VND14,4,7900,4550,10,Concluida
VEN00529,2025-08-22,L03,P03,VND05,2,7900,4550,0,Concluida
VEN00530,2025-08-24,L05,P11,VND10,5,22300,12950,5,Concluida
VEN00531,2025-07-16,L07,P11,VND13,3,22300,12950,0,Concluida
VEN00532,2025-10-29,L01,P08,VND01,1,16900,9800,10,Concluida
VEN00533,2025-03-30,L03,P01,VND06,1,4300,2450,5,Concluida
VEN00534,2025-08-06,L01,P04,VND01,1,9700,5600,0,Concluida
VEN00535,2025-03-04,L05,P09,VND09,4,18700,10850,0,Concluida
VEN00536,2025-09-27,L01,P04,VND02,1,9700,5600,0,Concluida
VEN00537,2025-07-08,L05,P04,VND09,1,9700,5600,5,Concluida
VEN00538,2025-07-31,L03,P10,VND06,1,20500,11900,10,Concluida
VEN00539,2025-01-11,L04,P12,VND08,3,24100,14000,5,Concluida
VEN00540,2025-10-03,L05,P05,VND10,2,11500,6650,10,Concluida
VEN00541,2025-10-23,L03,P05,VND05,4,11500,6650,5,Concluida
VEN00542,2025-06-28,L02,P04,VND04,2,9700,5600,5,Concluida
VEN00543,2025-11-30,L08,P08,VND15,3,16900,9800,5,Concluida
VEN00544,2025-08-22,L02,P11,VND03,3,22300,12950,0,Cancelada
VEN00545,2025-05-27,L07,P06,VND14,5,13300,7700,5,Concluida
VEN00546,2025-03-27,L07,P01,VND14,1,4300,2450,10,Concluida
VEN00547,2025-02-10,L04,P02,VND08,1,6100,3500,0,Concluida
VEN00548,2025-05-29,L06,P04,VND12,2,9700,5600,5,Concluida
VEN00549,2025-06-12,L02,P06,VND03,2,13300,7700,10,Concluida
VEN00550,2025-04-05,L06,P01,VND11,1,4300,2450,0,Concluida
VEN00551,2025-09-18,L02,P03,VND03,1,7900,4550,0,Concluida
VEN00552,2025-10-23,L08,P03,VND16,3,7900,4550,0,Concluida
VEN00553,2025-12-20,L02,P11,VND03,3,22300,12950,10,Concluida
VEN00554,2025-03-24,L01,P03,VND02,3,7900,4550,0,Concluida
VEN00555,2025-03-12,L04,P04,VND08,2,9700,5600,0,Concluida
VEN00556,2025-07-27,L08,P06,VND15,3,13300,7700,10,Concluida
VEN00557,2025-03-29,L07,P10,VND13,5,20500,11900,0,Concluida
VEN00558,2025-04-30,L01,P04,VND01,4,9700,5600,0,Concluida
VEN00559,2025-10-01,L03,P07,VND06,3,15100,8750,0,Concluida
VEN00560,2025-02-15,L01,P02,VND01,4,6100,3500,5,Concluida
VEN00561,2025-05-30,L07,P03,VND14,5,7900,4550,10,Cancelada
VEN00562,2025-09-12,L03,P09,VND06,2,18700,10850,0,Concluida
VEN00563,2025-07-04,L01,P01,VND02,4,4300,2450,0,Concluida
VEN00564,2025-10-04,L02,P01,VND03,1,4300,2450,5,Concluida
VEN00565,2025-10-07,L05,P11,VND10,2,22300,12950,10,Concluida
VEN00566,2025-02-21,L02,P09,VND03,1,18700,10850,10,Concluida
VEN00567,2025-01-23,L07,P02,VND14,4,6100,3500,5,Concluida
VEN00568,2025-06-03,L01,P01,VND02,4,4300,2450,10,Concluida
VEN00569,2025-02-15,L02,P02,VND03,3,6100,3500,0,Concluida
VEN00570,2025-08-07,L02,P02,VND04,5,6100,3500,5,Concluida
VEN00571,2025-09-27,L04,P04,VND08,4,9700,5600,10,Concluida
VEN00572,2025-06-03,L07,P02,VND14,2,6100,3500,0,Concluida
VEN00573,2025-09-20,L03,P10,VND05,3,20500,11900,5,Concluida
VEN00574,2025-09-10,L01,P10,VND01,3,20500,11900,5,Concluida
VEN00575,2025-07-12,L08,P08,VND15,1,16900,9800,0,Concluida
VEN00576,2025-05-18,L02,P03,VND04,3,7900,4550,0,Concluida
VEN00577,2025-04-06,L01,P02,VND01,2,6100,3500,0,Concluida
VEN00578,2025-06-13,L05,P05,VND10,3,11500,6650,0,Cancelada
VEN00579,2025-04-06,L08,P01,VND16,3,4300,2450,10,Concluida
VEN00580,2025-01-06,L03,P12,VND06,1,24100,14000,0,Concluida
VEN00581,2025-08-06,L04,P12,VND08,1,24100,14000,0,Concluida
VEN00582,2025-01-01,L01,P10,VND01,3,20500,11900,5,Concluida
VEN00583,2025-05-14,L07,P06,VND14,3,13300,7700,0,Concluida
VEN00584,2025-09-23,L05,P02,VND10,3,6100,3500,5,Concluida
VEN00585,2025-01-09,L06,P01,VND11,2,4300,2450,0,Concluida
VEN00586,2025-01-25,L04,P08,VND07,1,16900,9800,10,Concluida
VEN00587,2025-01-05,L01,P02,VND02,1,6100,3500,10,Concluida
VEN00588,2025-08-23,L05,P04,VND10,1,9700,5600,0,Concluida
VEN00589,2025-07-07,L03,P06,VND05,1,13300,7700,0,Concluida
VEN00590,2025-09-02,L08,P06,VND16,2,13300,7700,0,Concluida
VEN00591,2025-07-05,L04,P01,VND07,5,4300,2450,0,Concluida
VEN00592,2025-10-15,L05,P09,VND09,5,18700,10850,10,Concluida
VEN00593,2025-08-21,L05,P12,VND10,2,24100,14000,10,Concluida
VEN00594,2025-07-24,L02,P08,VND03,1,16900,9800,10,Concluida
VEN00595,2025-10-02,L01,P10,VND01,4,20500,11900,0,Cancelada
VEN00596,2025-08-15,L01,P11,VND01,4,22300,12950,0,Concluida
VEN00597,2025-03-16,L05,P04,VND09,3,9700,5600,0,Concluida
VEN00598,2025-06-09,L06,P03,VND12,4,7900,4550,5,Concluida
VEN00599,2025-11-11,L02,P10,VND03,2,20500,11900,0,Concluida
VEN00600,2025-02-07,L08,P08,VND16,2,16900,9800,0,Concluida
VEN00601,2025-03-14,L04,P03,VND07,2,7900,4550,0,Concluida
VEN00602,2025-09-19,L03,P02,VND05,5,6100,3500,0,Concluida
VEN00603,2025-04-19,L03,P05,VND06,5,11500,6650,0,Concluida
VEN00604,2025-04-27,L05,P12,VND10,2,24100,14000,0,Concluida
VEN00605,2025-09-04,L05,P08,VND09,1,16900,9800,10,Concluida
VEN00606,2025-04-22,L04,P02,VND07,4,6100,3500,0,Concluida
VEN00607,2025-01-31,L08,P02,VND16,5,6100,3500,0,Concluida
VEN00608,2025-11-10,L02,P05,VND04,2,11500,6650,0,Concluida
VEN00609,2025-04-06,L07,P10,VND13,5,20500,11900,10,Concluida
VEN00610,2025-02-28,L03,P01,VND06,1,4300,2450,0,Concluida
VEN00611,2025-11-04,L04,P04,VND07,1,9700,5600,5,Concluida
VEN00612,2025-08-15,L07,P06,VND13,5,13300,7700,0,Cancelada
VEN00613,2025-11-05,L03,P10,VND06,3,20500,11900,0,Concluida
VEN00614,2025-09-06,L02,P05,VND03,4,11500,6650,0,Concluida
VEN00615,2025-03-05,L06,P06,VND12,2,13300,7700,0,Concluida
VEN00616,2025-01-18,L03,P08,VND06,2,16900,9800,0,Concluida
VEN00617,2025-09-29,L07,P08,VND14,3,16900,9800,0,Concluida
VEN00618,2025-09-03,L02,P01,VND03,2,4300,2450,0,Concluida
VEN00619,2025-01-21,L02,P10,VND04,3,20500,11900,0,Concluida
VEN00620,2025-07-09,L07,P04,VND13,5,9700,5600,10,Concluida
VEN00621,2025-09-22,L04,P06,VND08,5,13300,7700,0,Concluida
VEN00622,2025-02-25,L02,P02,VND04,3,6100,3500,0,Concluida
VEN00623,2025-03-31,L08,P03,VND16,3,7900,4550,0,Concluida
VEN00624,2025-10-23,L08,P02,VND16,2,6100,3500,0,Concluida
VEN00625,2025-12-31,L06,P02,VND11,3,6100,3500,0,Concluida
VEN00626,2025-06-30,L04,P01,VND08,3,4300,2450,10,Concluida
VEN00627,2025-01-07,L08,P04,VND16,1,9700,5600,10,Concluida
VEN00628,2025-07-21,L03,P05,VND06,3,11500,6650,0,Concluida
VEN00629,2025-04-29,L08,P04,VND16,1,9700,5600,0,Cancelada
VEN00630,2025-06-19,L06,P05,VND11,1,11500,6650,5,Concluida
VEN00631,2025-06-05,L08,P07,VND15,3,15100,8750,0,Concluida
VEN00632,2025-11-14,L05,P05,VND10,1,11500,6650,0,Concluida
VEN00633,2025-12-29,L08,P12,VND15,1,24100,14000,10,Concluida
VEN00634,2025-03-11,L06,P01,VND12,1,4300,2450,0,Concluida
VEN00635,2025-02-16,L01,P10,VND02,3,20500,11900,10,Concluida
VEN00636,2025-02-25,L02,P05,VND04,2,11500,6650,0,Concluida
VEN00637,2025-10-09,L02,P03,VND04,1,7900,4550,0,Concluida
VEN00638,2025-10-03,L02,P10,VND03,4,20500,11900,0,Concluida
VEN00639,2025-04-11,L08,P10,VND15,1,20500,11900,0,Concluida
VEN00640,2025-01-01,L04,P07,VND08,1,15100,8750,0,Concluida
VEN00641,2025-08-16,L08,P09,VND16,4,18700,10850,0,Concluida
VEN00642,2025-09-26,L08,P01,VND15,1,4300,2450,5,Concluida
VEN00643,2025-12-19,L05,P08,VND10,1,16900,9800,0,Concluida
VEN00644,2025-07-12,L02,P03,VND04,2,7900,4550,5,Concluida
VEN00645,2025-09-03,L03,P05,VND05,5,11500,6650,10,Concluida
VEN00646,2025-02-11,L07,P06,VND13,5,13300,7700,0,Cancelada
VEN00647,2025-05-19,L01,P06,VND02,5,13300,7700,0,Concluida
VEN00648,2025-09-11,L03,P02,VND06,2,6100,3500,0,Concluida
VEN00649,2025-04-26,L05,P05,VND09,4,11500,6650,0,Concluida
VEN00650,2025-11-22,L04,P10,VND07,1,20500,11900,10,Concluida
VEN00651,2025-01-28,L02,P11,VND03,2,22300,12950,5,Concluida
VEN00652,2025-05-12,L06,P02,VND11,1,6100,3500,5,Concluida
VEN00653,2025-05-09,L07,P07,VND13,2,15100,8750,0,Concluida
VEN00654,2025-08-23,L01,P12,VND02,3,24100,14000,5,Concluida
VEN00655,2025-05-09,L08,P11,VND15,1,22300,12950,10,Concluida
VEN00656,2025-11-17,L01,P05,VND01,1,11500,6650,5,Concluida
VEN00657,2025-07-03,L03,P08,VND05,1,16900,9800,10,Concluida
VEN00658,2025-03-22,L07,P12,VND13,2,24100,14000,0,Concluida
VEN00659,2025-12-26,L06,P09,VND12,2,18700,10850,10,Concluida
VEN00660,2025-05-07,L07,P04,VND13,4,9700,5600,5,Concluida
VEN00661,2025-10-03,L07,P11,VND13,5,22300,12950,10,Concluida
VEN00662,2025-07-15,L05,P07,VND10,2,15100,8750,0,Concluida
VEN00663,2025-03-09,L05,P01,VND09,2,4300,2450,5,Cancelada
VEN00664,2025-08-10,L02,P09,VND03,5,18700,10850,0,Concluida
VEN00665,2025-07-16,L01,P01,VND01,1,4300,2450,0,Concluida
VEN00666,2025-09-04,L05,P02,VND09,3,6100,3500,10,Concluida
VEN00667,2025-01-01,L02,P04,VND04,1,9700,5600,0,Concluida
VEN00668,2025-07-21,L08,P03,VND16,4,7900,4550,10,Concluida
VEN00669,2025-06-01,L02,P10,VND03,3,20500,11900,10,Concluida
VEN00670,2025-02-11,L01,P01,VND01,2,4300,2450,0,Concluida
VEN00671,2025-12-08,L01,P02,VND01,2,6100,3500,5,Concluida
VEN00672,2025-02-26,L08,P12,VND16,5,24100,14000,0,Concluida
VEN00673,2025-04-25,L02,P09,VND03,3,18700,10850,5,Concluida
VEN00674,2025-04-19,L01,P09,VND01,3,18700,10850,10,Concluida
VEN00675,2025-11-02,L06,P10,VND11,5,20500,11900,0,Concluida
VEN00676,2025-12-20,L04,P07,VND08,4,15100,8750,0,Concluida
VEN00677,2025-06-08,L07,P07,VND13,3,15100,8750,0,Concluida
VEN00678,2025-11-16,L07,P05,VND13,3,11500,6650,0,Concluida
VEN00679,2025-07-30,L01,P01,VND02,3,4300,2450,10,Concluida
VEN00680,2025-04-09,L06,P02,VND11,2,6100,3500,0,Cancelada
VEN00681,2025-05-12,L08,P08,VND15,3,16900,9800,5,Concluida
VEN00682,2025-05-07,L04,P11,VND07,2,22300,12950,5,Concluida
VEN00683,2025-03-15,L08,P02,VND15,5,6100,3500,5,Concluida
VEN00684,2025-02-26,L05,P04,VND10,1,9700,5600,0,Concluida
VEN00685,2025-09-30,L01,P04,VND01,1,9700,5600,0,Concluida
VEN00686,2025-09-17,L01,P08,VND01,4,16900,9800,10,Concluida
VEN00687,2025-10-16,L06,P04,VND11,1,9700,5600,0,Concluida
VEN00688,2025-05-09,L05,P03,VND09,5,7900,4550,5,Concluida
VEN00689,2025-09-12,L02,P03,VND04,1,7900,4550,0,Concluida
VEN00690,2025-05-05,L01,P06,VND01,2,13300,7700,10,Concluida
VEN00691,2025-07-07,L05,P04,VND09,2,9700,5600,0,Concluida
VEN00692,2025-03-15,L06,P08,VND12,3,16900,9800,10,Concluida
VEN00693,2025-05-04,L02,P10,VND04,2,20500,11900,0,Concluida
VEN00694,2025-04-25,L08,P12,VND15,2,24100,14000,5,Concluida
VEN00695,2025-06-13,L02,P04,VND04,3,9700,5600,0,Concluida
VEN00696,2025-02-21,L03,P05,VND05,4,11500,6650,10,Concluida
VEN00697,2025-06-13,L05,P04,VND09,1,9700,5600,0,Cancelada
VEN00698,2025-10-27,L05,P06,VND10,3,13300,7700,0,Concluida
VEN00699,2025-05-18,L03,P01,VND05,4,4300,2450,0,Concluida
VEN00700,2025-03-21,L08,P04,VND16,4,9700,5600,10,Concluida
VEN00701,2025-11-21,L06,P04,VND12,2,9700,5600,0,Concluida
VEN00702,2025-06-24,L03,P10,VND05,3,20500,11900,0,Concluida
VEN00703,2025-10-14,L03,P08,VND06,3,16900,9800,0,Concluida
VEN00704,2025-07-15,L04,P08,VND08,2,16900,9800,10,Concluida
VEN00705,2025-09-02,L02,P05,VND04,3,11500,6650,10,Concluida
VEN00706,2025-06-22,L02,P10,VND03,2,20500,11900,10,Concluida
VEN00707,2025-11-19,L08,P06,VND15,1,13300,7700,0,Concluida
VEN00708,2025-01-17,L07,P04,VND14,3,9700,5600,0,Concluida
VEN00709,2025-04-17,L02,P09,VND03,5,18700,10850,0,Concluida
VEN00710,2025-08-08,L08,P01,VND16,3,4300,2450,10,Concluida
VEN00711,2025-02-26,L07,P04,VND13,2,9700,5600,0,Concluida
VEN00712,2025-10-20,L08,P11,VND15,3,22300,12950,10,Concluida
VEN00713,2025-10-31,L08,P11,VND15,2,22300,12950,5,Concluida
VEN00714,2025-03-22,L07,P08,VND14,2,16900,9800,0,Cancelada
VEN00715,2025-01-25,L03,P04,VND06,2,9700,5600,0,Concluida
VEN00716,2025-05-31,L05,P12,VND10,5,24100,14000,0,Concluida
VEN00717,2025-06-21,L02,P11,VND04,1,22300,12950,10,Concluida
VEN00718,2025-02-02,L04,P03,VND08,4,7900,4550,0,Concluida
VEN00719,2025-12-13,L03,P11,VND05,4,22300,12950,5,Concluida
VEN00720,2025-08-17,L08,P02,VND16,2,6100,3500,5,Concluida
VEN00721,2025-10-21,L08,P11,VND16,2,22300,12950,0,Concluida
VEN00722,2025-10-16,L05,P10,VND09,1,20500,11900,5,Concluida
VEN00723,2025-12-07,L02,P02,VND04,5,6100,3500,10,Concluida
VEN00724,2025-12-09,L08,P12,VND15,4,24100,14000,0,Concluida
VEN00725,2025-04-12,L04,P02,VND08,3,6100,3500,0,Concluida
VEN00726,2025-01-12,L06,P04,VND11,5,9700,5600,0,Concluida
VEN00727,2025-11-12,L05,P08,VND09,4,16900,9800,0,Concluida
VEN00728,2025-07-01,L04,P06,VND07,3,13300,7700,0,Concluida
VEN00729,2025-08-26,L07,P07,VND13,1,15100,8750,0,Concluida
VEN00730,2025-08-12,L03,P03,VND06,2,7900,4550,10,Concluida
VEN00731,2025-10-31,L02,P02,VND03,4,6100,3500,0,Cancelada
VEN00732,2025-05-08,L02,P02,VND04,5,6100,3500,0,Concluida
VEN00733,2025-09-26,L04,P04,VND08,2,9700,5600,10,Concluida
VEN00734,2025-10-06,L02,P05,VND03,3,11500,6650,10,Concluida
VEN00735,2025-08-24,L01,P11,VND02,1,22300,12950,10,Concluida
VEN00736,2025-11-22,L04,P08,VND08,1,16900,9800,10,Concluida
VEN00737,2025-05-21,L03,P01,VND05,3,4300,2450,0,Concluida
VEN00738,2025-01-24,L03,P03,VND06,4,7900,4550,5,Concluida
VEN00739,2025-10-24,L05,P09,VND09,3,18700,10850,5,Concluida
VEN00740,2025-12-18,L03,P05,VND05,2,11500,6650,5,Concluida
VEN00741,2025-10-09,L08,P04,VND15,5,9700,5600,0,Concluida
VEN00742,2025-12-12,L07,P12,VND14,3,24100,14000,0,Concluida
VEN00743,2025-02-02,L06,P04,VND12,2,9700,5600,5,Concluida
VEN00744,2025-03-08,L05,P06,VND09,2,13300,7700,5,Concluida
VEN00745,2025-09-04,L01,P02,VND01,4,6100,3500,10,Concluida
VEN00746,2025-09-06,L08,P10,VND16,2,20500,11900,10,Concluida
VEN00747,2025-10-08,L04,P11,VND08,5,22300,12950,0,Concluida
VEN00748,2025-06-19,L07,P07,VND13,4,15100,8750,0,Cancelada
VEN00749,2025-11-09,L06,P05,VND12,4,11500,6650,0,Concluida
VEN00750,2025-11-09,L08,P04,VND16,4,9700,5600,0,Concluida
VEN00751,2025-03-02,L01,P12,VND02,1,24100,14000,5,Concluida
VEN00752,2025-01-10,L02,P02,VND03,5,6100,3500,0,Concluida
VEN00753,2025-05-08,L02,P07,VND03,1,15100,8750,0,Concluida
VEN00754,2025-07-14,L08,P02,VND15,2,6100,3500,5,Concluida
VEN00755,2025-03-03,L04,P03,VND08,3,7900,4550,0,Concluida
VEN00756,2025-07-26,L03,P04,VND05,3,9700,5600,0,Concluida
VEN00757,2025-04-05,L07,P07,VND13,3,15100,8750,5,Concluida
VEN00758,2025-12-24,L02,P09,VND04,5,18700,10850,5,Concluida
VEN00759,2025-02-25,L07,P01,VND13,5,4300,2450,10,Concluida
VEN00760,2025-05-24,L04,P10,VND08,3,20500,11900,0,Concluida
VEN00761,2025-10-24,L06,P12,VND11,2,24100,14000,0,Concluida
VEN00762,2025-06-02,L08,P04,VND16,5,9700,5600,5,Concluida
VEN00763,2025-09-16,L03,P04,VND05,3,9700,5600,0,Concluida
VEN00764,2025-03-11,L06,P09,VND12,3,18700,10850,0,Concluida
VEN00765,2025-10-13,L05,P02,VND10,3,6100,3500,0,Cancelada
VEN00766,2025-01-31,L06,P06,VND11,3,13300,7700,0,Concluida
VEN00767,2025-01-11,L01,P09,VND02,4,18700,10850,5,Concluida
VEN00768,2025-02-26,L08,P05,VND16,1,11500,6650,0,Concluida
VEN00769,2025-03-24,L02,P09,VND03,5,18700,10850,0,Concluida
VEN00770,2025-06-17,L05,P12,VND09,1,24100,14000,0,Concluida
VEN00771,2025-07-09,L04,P08,VND07,1,16900,9800,0,Concluida
VEN00772,2025-03-14,L02,P05,VND03,4,11500,6650,10,Concluida
VEN00773,2025-02-05,L04,P09,VND07,5,18700,10850,5,Concluida
VEN00774,2025-08-19,L08,P11,VND15,2,22300,12950,10,Concluida
VEN00775,2025-02-28,L08,P04,VND15,4,9700,5600,10,Concluida
VEN00776,2025-04-10,L05,P08,VND09,3,16900,9800,0,Concluida
VEN00777,2025-01-18,L06,P02,VND12,5,6100,3500,0,Concluida
VEN00778,2025-03-30,L01,P04,VND01,2,9700,5600,0,Concluida
VEN00779,2025-07-22,L07,P05,VND14,5,11500,6650,10,Concluida
VEN00780,2025-06-28,L07,P04,VND13,2,9700,5600,5,Concluida
VEN00781,2025-11-17,L05,P09,VND09,1,18700,10850,10,Concluida
VEN00782,2025-12-23,L04,P05,VND08,1,11500,6650,5,Cancelada
VEN00783,2025-04-08,L02,P11,VND03,3,22300,12950,5,Concluida
VEN00784,2025-03-30,L07,P02,VND13,3,6100,3500,0,Concluida
VEN00785,2025-06-12,L03,P12,VND05,5,24100,14000,0,Concluida
VEN00786,2025-05-16,L04,P11,VND08,1,22300,12950,5,Concluida
VEN00787,2025-10-21,L04,P01,VND08,5,4300,2450,0,Concluida
VEN00788,2025-01-09,L06,P12,VND12,5,24100,14000,0,Concluida
VEN00789,2025-07-27,L04,P09,VND07,2,18700,10850,0,Concluida
VEN00790,2025-12-03,L06,P05,VND12,2,11500,6650,0,Concluida
VEN00791,2025-10-04,L05,P10,VND10,3,20500,11900,5,Concluida
VEN00792,2025-09-04,L08,P04,VND15,5,9700,5600,5,Concluida
VEN00793,2025-02-16,L07,P03,VND13,2,7900,4550,5,Concluida
VEN00794,2025-04-07,L06,P10,VND12,5,20500,11900,10,Concluida
VEN00795,2025-09-26,L07,P12,VND13,3,24100,14000,0,Concluida
VEN00796,2025-08-15,L01,P08,VND02,4,16900,9800,0,Concluida
VEN00797,2025-10-09,L03,P02,VND05,1,6100,3500,10,Concluida
VEN00798,2025-04-25,L03,P04,VND06,3,9700,5600,10,Concluida
VEN00799,2025-06-26,L01,P05,VND01,4,11500,6650,10,Cancelada
VEN00800,2025-06-15,L04,P11,VND07,5,22300,12950,5,Concluida
VEN00801,2025-08-27,L04,P04,VND08,4,9700,5600,0,Concluida
VEN00802,2025-04-14,L01,P11,VND01,5,22300,12950,0,Concluida
VEN00803,2025-08-18,L06,P04,VND12,5,9700,5600,0,Concluida
VEN00804,2025-08-06,L01,P08,VND01,1,16900,9800,5,Concluida
VEN00805,2025-04-08,L01,P11,VND01,2,22300,12950,0,Concluida
VEN00806,2025-09-05,L05,P03,VND10,1,7900,4550,0,Concluida
VEN00807,2025-05-09,L07,P02,VND14,3,6100,3500,5,Concluida
VEN00808,2025-12-23,L05,P03,VND09,4,7900,4550,0,Concluida
VEN00809,2025-07-13,L04,P03,VND08,3,7900,4550,10,Concluida
VEN00810,2025-07-13,L02,P11,VND04,1,22300,12950,0,Concluida
VEN00811,2025-09-19,L04,P09,VND07,5,18700,10850,10,Concluida
VEN00812,2025-11-01,L08,P12,VND15,1,24100,14000,5,Concluida
VEN00813,2025-07-22,L02,P11,VND03,2,22300,12950,10,Concluida
VEN00814,2025-12-09,L03,P11,VND06,4,22300,12950,5,Concluida
VEN00815,2025-12-24,L01,P06,VND01,4,13300,7700,0,Concluida
VEN00816,2025-09-21,L06,P09,VND12,2,18700,10850,5,Cancelada
VEN00817,2025-05-24,L02,P05,VND03,2,11500,6650,10,Concluida
VEN00818,2025-12-17,L08,P12,VND15,1,24100,14000,5,Concluida
VEN00819,2025-09-12,L06,P06,VND11,2,13300,7700,10,Concluida
VEN00820,2025-02-19,L08,P08,VND16,4,16900,9800,0,Concluida
VEN00821,2025-07-31,L06,P07,VND12,2,15100,8750,0,Concluida
VEN00822,2025-05-27,L06,P02,VND12,5,6100,3500,0,Concluida
VEN00823,2025-02-17,L03,P08,VND06,5,16900,9800,10,Concluida
VEN00824,2025-07-23,L07,P08,VND13,1,16900,9800,0,Concluida
VEN00825,2025-09-23,L05,P06,VND10,3,13300,7700,10,Concluida
VEN00826,2025-06-12,L04,P09,VND08,1,18700,10850,5,Concluida
VEN00827,2025-07-28,L07,P01,VND13,4,4300,2450,10,Concluida
VEN00828,2025-04-22,L06,P05,VND11,4,11500,6650,0,Concluida
VEN00829,2025-01-11,L04,P12,VND08,5,24100,14000,0,Concluida
VEN00830,2025-01-27,L03,P10,VND06,1,20500,11900,0,Concluida
VEN00831,2025-06-17,L01,P12,VND01,3,24100,14000,5,Concluida
VEN00832,2025-11-12,L03,P07,VND05,1,15100,8750,10,Concluida
VEN00833,2025-05-31,L07,P11,VND14,5,22300,12950,10,Cancelada
VEN00834,2025-02-19,L04,P02,VND07,1,6100,3500,0,Concluida
VEN00835,2025-10-29,L02,P11,VND03,1,22300,12950,0,Concluida
VEN00836,2025-12-22,L05,P11,VND10,2,22300,12950,0,Concluida
VEN00837,2025-05-23,L04,P11,VND07,3,22300,12950,5,Concluida
VEN00838,2025-01-18,L02,P04,VND03,4,9700,5600,5,Concluida
VEN00839,2025-05-15,L06,P11,VND11,2,22300,12950,0,Concluida
VEN00840,2025-09-10,L07,P06,VND14,1,13300,7700,0,Concluida
VEN00841,2025-10-13,L07,P03,VND13,4,7900,4550,10,Concluida
VEN00842,2025-11-17,L03,P07,VND06,4,15100,8750,0,Concluida
VEN00843,2025-10-09,L06,P01,VND12,4,4300,2450,10,Concluida
VEN00844,2025-01-06,L01,P06,VND02,4,13300,7700,5,Concluida
VEN00845,2025-06-15,L01,P01,VND02,4,4300,2450,0,Concluida
VEN00846,2025-07-17,L01,P01,VND02,3,4300,2450,0,Concluida
VEN00847,2025-12-13,L07,P06,VND14,2,13300,7700,5,Concluida
VEN00848,2025-03-19,L01,P01,VND01,1,4300,2450,0,Concluida
VEN00849,2025-11-19,L03,P06,VND05,5,13300,7700,0,Concluida
VEN00850,2025-12-30,L02,P03,VND03,5,7900,4550,0,Cancelada
VEN00851,2025-09-27,L02,P12,VND03,4,24100,14000,0,Concluida
VEN00852,2025-11-17,L07,P11,VND14,5,22300,12950,5,Concluida
VEN00853,2025-11-13,L04,P02,VND08,2,6100,3500,5,Concluida
VEN00854,2025-11-23,L02,P07,VND03,4,15100,8750,0,Concluida
VEN00855,2025-04-01,L07,P10,VND14,1,20500,11900,10,Concluida
VEN00856,2025-10-12,L05,P12,VND09,3,24100,14000,0,Concluida
VEN00857,2025-11-04,L03,P10,VND05,5,20500,11900,5,Concluida
VEN00858,2025-02-02,L06,P12,VND11,2,24100,14000,0,Concluida
VEN00859,2025-11-30,L02,P05,VND04,5,11500,6650,5,Concluida
VEN00860,2025-08-21,L05,P10,VND09,2,20500,11900,0,Concluida
VEN00861,2025-04-02,L01,P05,VND01,2,11500,6650,10,Concluida
VEN00862,2025-10-06,L04,P02,VND07,5,6100,3500,5,Concluida
VEN00863,2025-06-04,L06,P06,VND11,3,13300,7700,0,Concluida
VEN00864,2025-08-12,L05,P08,VND10,2,16900,9800,0,Concluida
VEN00865,2025-11-29,L03,P04,VND06,1,9700,5600,0,Concluida
VEN00866,2025-07-08,L05,P01,VND09,1,4300,2450,0,Concluida
VEN00867,2025-01-27,L03,P06,VND06,1,13300,7700,0,Cancelada
VEN00868,2025-02-26,L03,P12,VND06,1,24100,14000,0,Concluida
VEN00869,2025-07-28,L08,P09,VND15,3,18700,10850,10,Concluida
VEN00870,2025-08-31,L08,P03,VND15,3,7900,4550,5,Concluida
VEN00871,2025-03-13,L08,P07,VND15,2,15100,8750,0,Concluida
VEN00872,2025-08-15,L06,P10,VND12,1,20500,11900,0,Concluida
VEN00873,2025-03-07,L02,P06,VND03,1,13300,7700,0,Concluida
VEN00874,2025-08-02,L02,P08,VND04,1,16900,9800,0,Concluida
VEN00875,2025-10-21,L08,P12,VND16,5,24100,14000,5,Concluida
VEN00876,2025-02-03,L06,P06,VND12,4,13300,7700,0,Concluida
VEN00877,2025-04-04,L02,P12,VND04,5,24100,14000,10,Concluida
VEN00878,2025-05-21,L07,P08,VND13,1,16900,9800,0,Concluida
VEN00879,2025-10-03,L08,P03,VND16,5,7900,4550,0,Concluida
VEN00880,2025-11-09,L03,P06,VND05,3,13300,7700,10,Concluida
VEN00881,2025-09-03,L01,P09,VND01,2,18700,10850,0,Concluida
VEN00882,2025-05-03,L08,P04,VND16,2,9700,5600,0,Concluida
VEN00883,2025-03-04,L07,P01,VND13,5,4300,2450,10,Concluida
VEN00884,2025-09-16,L06,P04,VND12,3,9700,5600,0,Cancelada
VEN00885,2025-03-30,L06,P01,VND11,1,4300,2450,0,Concluida
VEN00886,2025-12-12,L05,P09,VND10,2,18700,10850,10,Concluida
VEN00887,2025-01-21,L02,P02,VND04,1,6100,3500,0,Concluida
VEN00888,2025-03-12,L05,P10,VND10,1,20500,11900,0,Concluida
VEN00889,2025-05-24,L01,P06,VND01,1,13300,7700,0,Concluida
VEN00890,2025-07-09,L01,P08,VND02,5,16900,9800,0,Concluida
VEN00891,2025-11-16,L02,P11,VND04,3,22300,12950,0,Concluida
VEN00892,2025-07-30,L08,P05,VND15,3,11500,6650,10,Concluida
VEN00893,2025-03-20,L04,P05,VND07,4,11500,6650,5,Concluida
VEN00894,2025-12-14,L01,P10,VND02,2,20500,11900,10,Concluida
VEN00895,2025-06-08,L03,P01,VND06,3,4300,2450,10,Concluida
VEN00896,2025-02-28,L03,P10,VND06,3,20500,11900,0,Concluida
VEN00897,2025-04-26,L03,P05,VND06,2,11500,6650,0,Concluida
VEN00898,2025-03-17,L08,P07,VND16,3,15100,8750,0,Concluida
VEN00899,2025-11-21,L06,P02,VND12,4,6100,3500,0,Concluida
VEN00900,2025-04-28,L07,P04,VND13,4,9700,5600,10,Concluida
VEN00901,2025-05-01,L04,P05,VND07,2,11500,6650,0,Cancelada
VEN00902,2025-02-20,L01,P04,VND02,2,9700,5600,0,Concluida
VEN00903,2025-03-06,L07,P11,VND13,4,22300,12950,10,Concluida
VEN00904,2025-09-21,L05,P03,VND09,4,7900,4550,0,Concluida
VEN00905,2025-11-09,L06,P07,VND12,1,15100,8750,0,Concluida
VEN00906,2025-11-24,L08,P03,VND15,5,7900,4550,0,Concluida
VEN00907,2025-05-27,L06,P12,VND12,5,24100,14000,0,Concluida
VEN00908,2025-02-12,L07,P11,VND13,1,22300,12950,0,Concluida
VEN00909,2025-08-24,L01,P01,VND01,4,4300,2450,5,Concluida
VEN00910,2025-06-06,L07,P12,VND14,2,24100,14000,0,Concluida
VEN00911,2025-08-30,L05,P03,VND09,1,7900,4550,0,Concluida
VEN00912,2025-05-15,L04,P12,VND07,2,24100,14000,0,Concluida
VEN00913,2025-06-08,L03,P08,VND05,3,16900,9800,0,Concluida
VEN00914,2025-03-26,L08,P09,VND16,1,18700,10850,5,Concluida
VEN00915,2025-11-29,L05,P07,VND09,4,15100,8750,0,Concluida
VEN00916,2025-02-28,L06,P09,VND12,1,18700,10850,10,Concluida
VEN00917,2025-06-14,L05,P10,VND10,2,20500,11900,10,Concluida
VEN00918,2025-05-26,L03,P12,VND05,5,24100,14000,0,Cancelada
VEN00919,2025-03-07,L08,P04,VND16,4,9700,5600,5,Concluida
VEN00920,2025-04-24,L01,P02,VND01,4,6100,3500,0,Concluida
VEN00921,2025-07-27,L08,P02,VND16,4,6100,3500,10,Concluida
VEN00922,2025-07-13,L06,P04,VND11,2,9700,5600,0,Concluida
VEN00923,2025-02-02,L06,P09,VND12,3,18700,10850,0,Concluida
VEN00924,2025-02-08,L03,P02,VND05,5,6100,3500,5,Concluida
VEN00925,2025-05-17,L04,P01,VND08,4,4300,2450,5,Concluida
VEN00926,2025-10-27,L03,P01,VND06,4,4300,2450,0,Concluida
VEN00927,2025-04-25,L07,P11,VND13,2,22300,12950,0,Concluida
VEN00928,2025-11-12,L06,P09,VND12,1,18700,10850,5,Concluida
VEN00929,2025-03-17,L01,P03,VND01,2,7900,4550,0,Concluida
VEN00930,2025-08-24,L05,P11,VND09,1,22300,12950,0,Concluida
VEN00931,2025-10-11,L08,P02,VND16,2,6100,3500,0,Concluida
VEN00932,2025-10-10,L05,P01,VND10,2,4300,2450,10,Concluida
VEN00933,2025-04-23,L05,P06,VND10,5,13300,7700,0,Concluida
VEN00934,2025-08-05,L06,P11,VND12,5,22300,12950,0,Concluida
VEN00935,2025-10-07,L05,P03,VND10,1,7900,4550,0,Cancelada
VEN00936,2025-01-02,L08,P04,VND16,5,9700,5600,0,Concluida
VEN00937,2025-02-07,L02,P03,VND04,2,7900,4550,5,Concluida
VEN00938,2025-08-03,L08,P09,VND16,5,18700,10850,10,Concluida
VEN00939,2025-09-30,L08,P10,VND15,1,20500,11900,5,Concluida
VEN00940,2025-12-10,L05,P01,VND10,1,4300,2450,10,Concluida
VEN00941,2025-07-13,L04,P04,VND08,1,9700,5600,0,Concluida
VEN00942,2025-04-22,L02,P11,VND04,3,22300,12950,10,Concluida
VEN00943,2025-05-28,L01,P02,VND01,3,6100,3500,10,Concluida
VEN00944,2025-10-24,L01,P07,VND02,2,15100,8750,5,Concluida
VEN00945,2025-05-01,L02,P05,VND04,3,11500,6650,5,Concluida
VEN00946,2025-08-06,L01,P01,VND01,3,4300,2450,0,Concluida
VEN00947,2025-07-01,L03,P06,VND05,2,13300,7700,0,Concluida
VEN00948,2025-11-10,L05,P10,VND10,2,20500,11900,10,Concluida
VEN00949,2025-10-18,L02,P08,VND03,1,16900,9800,0,Concluida
VEN00950,2025-05-19,L06,P05,VND11,5,11500,6650,5,Concluida
VEN00951,2025-12-22,L07,P04,VND13,3,9700,5600,0,Concluida
VEN00952,2025-02-23,L06,P05,VND11,5,11500,6650,0,Cancelada
VEN00953,2025-03-06,L02,P11,VND04,1,22300,12950,0,Concluida
VEN00954,2025-10-07,L07,P11,VND14,2,22300,12950,10,Concluida
VEN00955,2025-02-04,L02,P05,VND03,2,11500,6650,5,Concluida
VEN00956,2025-06-29,L02,P01,VND03,2,4300,2450,0,Concluida
VEN00957,2025-10-06,L03,P02,VND05,5,6100,3500,5,Concluida
VEN00958,2025-04-24,L06,P07,VND12,2,15100,8750,0,Concluida
VEN00959,2025-11-22,L03,P11,VND06,1,22300,12950,10,Concluida
VEN00960,2025-10-31,L01,P10,VND02,5,20500,11900,5,Concluida
VEN00961,2025-09-08,L02,P05,VND03,4,11500,6650,0,Concluida
VEN00962,2025-09-14,L06,P05,VND12,1,11500,6650,10,Concluida
VEN00963,2025-04-06,L07,P12,VND14,3,24100,14000,10,Concluida
VEN00964,2025-02-11,L04,P06,VND07,5,13300,7700,10,Concluida
VEN00965,2025-07-23,L04,P11,VND07,5,22300,12950,0,Concluida
VEN00966,2025-09-14,L06,P10,VND12,3,20500,11900,0,Concluida
VEN00967,2025-12-20,L08,P08,VND15,5,16900,9800,10,Concluida
VEN00968,2025-11-02,L07,P03,VND13,3,7900,4550,10,Concluida
VEN00969,2025-06-03,L04,P12,VND08,5,24100,14000,5,Cancelada
VEN00970,2025-12-17,L01,P05,VND01,2,11500,6650,5,Concluida
VEN00971,2025-01-19,L02,P11,VND04,2,22300,12950,5,Concluida
VEN00972,2025-01-06,L02,P11,VND03,3,22300,12950,0,Concluida
VEN00973,2025-10-05,L07,P08,VND14,5,16900,9800,10,Concluida
VEN00974,2025-10-16,L04,P05,VND07,5,11500,6650,10,Concluida
VEN00975,2025-03-24,L05,P11,VND09,4,22300,12950,0,Concluida
VEN00976,2025-02-14,L01,P03,VND01,2,7900,4550,0,Concluida
VEN00977,2025-07-01,L05,P09,VND09,4,18700,10850,5,Concluida
VEN00978,2025-11-27,L03,P01,VND05,5,4300,2450,5,Concluida
VEN00979,2025-04-20,L08,P03,VND15,2,7900,4550,0,Concluida
VEN00980,2025-07-15,L08,P11,VND15,3,22300,12950,5,Concluida
VEN00981,2025-07-26,L02,P08,VND03,1,16900,9800,10,Concluida
VEN00982,2025-11-09,L07,P06,VND13,2,13300,7700,0,Concluida
VEN00983,2025-08-29,L05,P06,VND09,2,13300,7700,0,Concluida
VEN00984,2025-11-14,L05,P08,VND10,3,16900,9800,0,Concluida
VEN00985,2025-01-18,L02,P09,VND03,4,18700,10850,0,Concluida
VEN00986,2025-11-16,L04,P03,VND08,5,7900,4550,10,Cancelada
VEN00987,2025-12-06,L05,P03,VND09,2,7900,4550,0,Concluida
VEN00988,2025-05-02,L02,P11,VND03,5,22300,12950,0,Concluida
VEN00989,2025-04-14,L08,P10,VND15,5,20500,11900,10,Concluida
VEN00990,2025-10-10,L01,P12,VND02,3,24100,14000,10,Concluida
VEN00991,2025-01-10,L06,P01,VND12,2,4300,2450,0,Concluida
VEN00992,2025-10-04,L01,P05,VND01,1,11500,6650,5,Concluida
VEN00993,2025-08-21,L02,P01,VND04,2,4300,2450,0,Concluida
VEN00994,2025-04-02,L05,P08,VND10,4,16900,9800,0,Concluida
VEN00995,2025-05-31,L06,P12,VND11,4,24100,14000,0,Concluida
VEN00996,2025-07-19,L01,P01,VND01,3,4300,2450,10,Concluida
VEN00997,2025-03-26,L08,P08,VND16,4,16900,9800,10,Concluida
VEN00998,2025-03-01,L01,P01,VND01,2,4300,2450,5,Concluida
VEN00999,2025-10-16,L07,P11,VND14,1,22300,12950,10,Concluida
VEN01000,2025-04-09,L05,P10,VND09,4,20500,11900,0,Concluida
VEN01001,2025-06-20,L05,P03,VND10,3,7900,4550,0,Concluida
VEN01002,2025-07-06,L07,P04,VND14,1,9700,5600,0,Concluida
VEN01003,2025-07-21,L03,P06,VND05,2,13300,7700,0,Cancelada
VEN01004,2025-10-11,L02,P12,VND04,5,24100,14000,5,Concluida
VEN01005,2025-11-18,L02,P04,VND04,5,9700,5600,5,Concluida
VEN01006,2025-02-12,L08,P01,VND16,5,4300,2450,10,Concluida
VEN01007,2025-04-21,L03,P10,VND05,2,20500,11900,10,Concluida
VEN01008,2025-06-12,L02,P03,VND04,1,7900,4550,10,Concluida
VEN01009,2025-12-18,L07,P04,VND14,5,9700,5600,0,Concluida
VEN01010,2025-08-03,L03,P08,VND06,3,16900,9800,0,Concluida
VEN01011,2025-04-22,L07,P03,VND14,4,7900,4550,5,Concluida
VEN01012,2025-09-22,L08,P11,VND15,2,22300,12950,5,Concluida
VEN01013,2025-05-05,L08,P07,VND16,2,15100,8750,0,Concluida
VEN01014,2025-11-14,L02,P10,VND04,4,20500,11900,0,Concluida
VEN01015,2025-11-04,L08,P05,VND16,3,11500,6650,0,Concluida
VEN01016,2025-09-18,L04,P11,VND08,1,22300,12950,0,Concluida
VEN01017,2025-10-13,L06,P02,VND12,5,6100,3500,5,Concluida
VEN01018,2025-02-05,L03,P06,VND06,5,13300,7700,5,Concluida
VEN01019,2025-06-29,L01,P06,VND01,1,13300,7700,5,Concluida
VEN01020,2025-09-21,L07,P04,VND13,4,9700,5600,0,Cancelada
VEN01021,2025-11-29,L05,P12,VND10,4,24100,14000,0,Concluida
VEN01022,2025-06-14,L03,P04,VND05,4,9700,5600,5,Concluida
VEN01023,2025-02-04,L03,P06,VND05,4,13300,7700,0,Concluida
VEN01024,2025-08-30,L08,P10,VND15,1,20500,11900,0,Concluida
VEN01025,2025-05-15,L02,P04,VND03,1,9700,5600,10,Concluida
VEN01026,2025-12-12,L06,P07,VND12,2,15100,8750,0,Concluida
VEN01027,2025-06-15,L05,P12,VND10,2,24100,14000,10,Concluida
VEN01028,2025-07-07,L01,P12,VND02,5,24100,14000,0,Concluida
VEN01029,2025-05-02,L01,P05,VND01,2,11500,6650,0,Concluida
VEN01030,2025-11-14,L02,P02,VND03,1,6100,3500,0,Concluida
VEN01031,2025-11-26,L03,P02,VND06,3,6100,3500,0,Concluida
VEN01032,2025-01-06,L03,P02,VND06,5,6100,3500,10,Concluida
VEN01033,2025-03-21,L01,P11,VND02,2,22300,12950,0,Concluida
VEN01034,2025-08-22,L05,P12,VND09,2,24100,14000,10,Concluida
VEN01035,2025-10-04,L04,P05,VND07,4,11500,6650,0,Concluida
VEN01036,2025-11-23,L05,P09,VND10,2,18700,10850,5,Concluida
VEN01037,2025-01-15,L06,P08,VND12,5,16900,9800,5,Cancelada
VEN01038,2025-06-15,L08,P06,VND15,1,13300,7700,5,Concluida
VEN01039,2025-07-26,L01,P09,VND01,5,18700,10850,10,Concluida
VEN01040,2025-10-20,L04,P03,VND08,3,7900,4550,5,Concluida
VEN01041,2025-06-01,L07,P07,VND14,4,15100,8750,0,Concluida
VEN01042,2025-12-01,L04,P12,VND08,3,24100,14000,5,Concluida
VEN01043,2025-02-23,L01,P02,VND02,5,6100,3500,0,Concluida
VEN01044,2025-11-26,L03,P12,VND06,4,24100,14000,0,Concluida
VEN01045,2025-04-29,L06,P07,VND12,5,15100,8750,0,Concluida
VEN01046,2025-03-05,L05,P01,VND10,4,4300,2450,0,Concluida
VEN01047,2025-03-12,L08,P10,VND16,3,20500,11900,0,Concluida
VEN01048,2025-01-11,L05,P10,VND09,4,20500,11900,0,Concluida
VEN01049,2025-03-03,L06,P09,VND11,1,18700,10850,10,Concluida
VEN01050,2025-06-07,L01,P01,VND02,3,4300,2450,5,Concluida
VEN01051,2025-01-29,L07,P07,VND13,3,15100,8750,0,Concluida
VEN01052,2025-09-13,L02,P04,VND03,4,9700,5600,0,Concluida
VEN01053,2025-08-17,L06,P02,VND12,3,6100,3500,0,Concluida
VEN01054,2025-11-28,L04,P03,VND07,3,7900,4550,0,Cancelada
VEN01055,2025-06-28,L07,P08,VND13,1,16900,9800,10,Concluida
VEN01056,2025-05-13,L08,P09,VND15,4,18700,10850,10,Concluida
VEN01057,2025-03-04,L04,P06,VND08,3,13300,7700,10,Concluida
VEN01058,2025-09-25,L07,P10,VND14,4,20500,11900,5,Concluida
VEN01059,2025-09-26,L05,P01,VND09,1,4300,2450,10,Concluida
VEN01060,2025-09-28,L06,P09,VND11,3,18700,10850,0,Concluida
VEN01061,2025-04-19,L05,P11,VND09,5,22300,12950,10,Concluida
VEN01062,2025-07-29,L04,P05,VND08,1,11500,6650,10,Concluida
VEN01063,2025-03-26,L06,P12,VND11,4,24100,14000,10,Concluida
VEN01064,2025-10-12,L02,P05,VND04,4,11500,6650,0,Concluida
VEN01065,2025-03-21,L06,P04,VND11,4,9700,5600,5,Concluida
VEN01066,2025-03-09,L02,P06,VND04,5,13300,7700,10,Concluida
VEN01067,2025-06-10,L02,P06,VND04,3,13300,7700,5,Concluida
VEN01068,2025-07-25,L05,P05,VND10,4,11500,6650,10,Concluida
VEN01069,2025-03-16,L06,P12,VND11,3,24100,14000,0,Concluida
VEN01070,2025-12-31,L05,P05,VND09,1,11500,6650,0,Concluida
VEN01071,2025-06-10,L06,P09,VND12,4,18700,10850,10,Cancelada
VEN01072,2025-05-22,L02,P02,VND03,2,6100,3500,0,Concluida
VEN01073,2025-01-30,L01,P03,VND01,4,7900,4550,5,Concluida
VEN01074,2025-02-22,L05,P07,VND09,1,15100,8750,5,Concluida
VEN01075,2025-10-15,L02,P07,VND03,5,15100,8750,0,Concluida
VEN01076,2025-12-14,L01,P02,VND02,4,6100,3500,0,Concluida
VEN01077,2025-03-10,L04,P12,VND08,2,24100,14000,0,Concluida
VEN01078,2025-09-25,L07,P02,VND14,2,6100,3500,5,Concluida
VEN01079,2025-06-25,L07,P10,VND14,5,20500,11900,0,Concluida
VEN01080,2025-11-15,L08,P05,VND15,5,11500,6650,0,Concluida
VEN01081,2025-12-30,L01,P07,VND02,2,15100,8750,0,Concluida
VEN01082,2025-11-16,L05,P09,VND10,5,18700,10850,10,Concluida
VEN01083,2025-02-27,L03,P09,VND05,4,18700,10850,10,Concluida
VEN01084,2025-05-12,L07,P05,VND14,5,11500,6650,10,Concluida
VEN01085,2025-11-09,L03,P06,VND05,5,13300,7700,10,Concluida
VEN01086,2025-10-23,L05,P06,VND10,1,13300,7700,10,Concluida
VEN01087,2025-09-08,L05,P01,VND09,4,4300,2450,5,Concluida
VEN01088,2025-12-30,L07,P12,VND14,1,24100,14000,0,Cancelada
VEN01089,2025-11-17,L03,P01,VND06,5,4300,2450,5,Concluida
VEN01090,2025-06-15,L01,P08,VND02,2,16900,9800,0,Concluida
VEN01091,2025-05-21,L04,P10,VND07,5,20500,11900,5,Concluida
VEN01092,2025-04-28,L06,P11,VND11,5,22300,12950,10,Concluida
VEN01093,2025-10-02,L05,P11,VND10,5,22300,12950,5,Concluida
VEN01094,2025-10-07,L07,P01,VND13,3,4300,2450,0,Concluida
VEN01095,2025-04-02,L05,P11,VND09,3,22300,12950,0,Concluida
VEN01096,2025-02-13,L07,P01,VND13,3,4300,2450,5,Concluida
VEN01097,2025-05-23,L06,P07,VND11,5,15100,8750,0,Concluida
VEN01098,2025-11-17,L08,P09,VND16,1,18700,10850,10,Concluida
VEN01099,2025-02-05,L01,P10,VND02,1,20500,11900,10,Concluida
VEN01100,2025-03-17,L05,P08,VND10,4,16900,9800,5,Concluida
VEN01101,2025-11-10,L08,P05,VND16,4,11500,6650,0,Concluida
VEN01102,2025-01-27,L04,P02,VND07,5,6100,3500,5,Concluida
VEN01103,2025-10-31,L03,P05,VND06,5,11500,6650,5,Concluida
VEN01104,2025-06-03,L03,P09,VND06,4,18700,10850,10,Concluida
VEN01105,2025-11-30,L05,P06,VND09,3,13300,7700,10,Cancelada
VEN01106,2025-01-29,L05,P05,VND10,5,11500,6650,0,Concluida
VEN01107,2025-03-07,L06,P03,VND12,1,7900,4550,10,Concluida
VEN01108,2025-04-23,L02,P08,VND03,5,16900,9800,5,Concluida
VEN01109,2025-04-27,L02,P12,VND04,1,24100,14000,0,Concluida
VEN01110,2025-04-22,L07,P10,VND14,2,20500,11900,0,Concluida
VEN01111,2025-06-26,L08,P01,VND16,5,4300,2450,10,Concluida
VEN01112,2025-09-30,L08,P11,VND15,3,22300,12950,0,Concluida
VEN01113,2025-08-19,L08,P03,VND15,2,7900,4550,5,Concluida
VEN01114,2025-06-24,L05,P03,VND10,2,7900,4550,0,Concluida
VEN01115,2025-05-07,L07,P11,VND13,1,22300,12950,5,Concluida
VEN01116,2025-11-13,L03,P05,VND06,1,11500,6650,5,Concluida
VEN01117,2025-09-19,L08,P12,VND16,1,24100,14000,10,Concluida
VEN01118,2025-05-13,L04,P01,VND07,1,4300,2450,0,Concluida
VEN01119,2025-06-01,L03,P08,VND05,5,16900,9800,10,Concluida
VEN01120,2025-09-02,L07,P02,VND13,2,6100,3500,10,Concluida
VEN01121,2025-04-11,L08,P02,VND16,2,6100,3500,0,Concluida
VEN01122,2025-02-24,L04,P03,VND07,3,7900,4550,10,Cancelada
VEN01123,2025-03-06,L06,P06,VND12,5,13300,7700,5,Concluida
VEN01124,2025-03-22,L08,P04,VND16,1,9700,5600,10,Concluida
VEN01125,2025-07-09,L03,P12,VND06,5,24100,14000,10,Concluida
VEN01126,2025-06-06,L03,P07,VND05,4,15100,8750,5,Concluida
VEN01127,2025-04-27,L05,P03,VND10,3,7900,4550,10,Concluida
VEN01128,2025-06-07,L07,P02,VND14,1,6100,3500,0,Concluida
VEN01129,2025-08-14,L02,P10,VND03,2,20500,11900,0,Concluida
VEN01130,2025-10-11,L01,P12,VND02,4,24100,14000,5,Concluida
VEN01131,2025-04-20,L04,P03,VND07,3,7900,4550,5,Concluida
VEN01132,2025-07-16,L07,P07,VND14,4,15100,8750,0,Concluida
VEN01133,2025-08-01,L03,P09,VND05,4,18700,10850,5,Concluida
VEN01134,2025-07-07,L07,P04,VND13,1,9700,5600,0,Concluida
VEN01135,2025-05-28,L03,P05,VND05,5,11500,6650,10,Concluida
VEN01136,2025-03-25,L01,P05,VND01,2,11500,6650,0,Concluida
VEN01137,2025-03-21,L02,P02,VND03,3,6100,3500,0,Concluida
VEN01138,2025-12-18,L01,P11,VND01,3,22300,12950,5,Concluida
VEN01139,2025-08-04,L08,P04,VND15,3,9700,5600,10,Cancelada
VEN01140,2025-09-27,L02,P05,VND03,1,11500,6650,5,Concluida
VEN01141,2025-09-25,L04,P07,VND08,1,15100,8750,10,Concluida
VEN01142,2025-06-30,L06,P09,VND12,4,18700,10850,5,Concluida
VEN01143,2025-03-14,L05,P05,VND10,5,11500,6650,10,Concluida
VEN01144,2025-01-03,L05,P03,VND09,1,7900,4550,0,Concluida
VEN01145,2025-01-30,L07,P08,VND14,3,16900,9800,5,Concluida
VEN01146,2025-07-23,L04,P11,VND07,4,22300,12950,0,Concluida
VEN01147,2025-03-10,L01,P06,VND02,4,13300,7700,0,Concluida
VEN01148,2025-01-31,L05,P01,VND09,1,4300,2450,0,Concluida
VEN01149,2025-01-25,L06,P10,VND12,5,20500,11900,10,Concluida
VEN01150,2025-01-05,L04,P02,VND07,5,6100,3500,10,Concluida
VEN01151,2025-02-05,L06,P07,VND11,1,15100,8750,10,Concluida
VEN01152,2025-08-02,L05,P04,VND10,4,9700,5600,10,Concluida
VEN01153,2025-01-28,L04,P03,VND08,5,7900,4550,0,Concluida
VEN01154,2025-12-19,L08,P08,VND16,5,16900,9800,0,Concluida
VEN01155,2025-02-17,L02,P02,VND03,2,6100,3500,0,Concluida
VEN01156,2025-06-01,L06,P03,VND11,2,7900,4550,10,Cancelada
VEN01157,2025-03-27,L04,P10,VND07,5,20500,11900,0,Concluida
VEN01158,2025-08-28,L07,P10,VND14,2,20500,11900,10,Concluida
VEN01159,2025-05-29,L06,P01,VND11,1,4300,2450,0,Concluida
VEN01160,2025-06-24,L07,P04,VND14,3,9700,5600,0,Concluida
VEN01161,2025-03-15,L02,P05,VND03,1,11500,6650,10,Concluida
VEN01162,2025-01-12,L03,P09,VND05,5,18700,10850,0,Concluida
VEN01163,2025-05-03,L08,P05,VND16,1,11500,6650,0,Concluida
VEN01164,2025-08-24,L07,P05,VND13,4,11500,6650,5,Concluida
VEN01165,2025-05-20,L08,P05,VND15,1,11500,6650,5,Concluida
VEN01166,2025-06-22,L05,P06,VND09,5,13300,7700,0,Concluida
VEN01167,2025-02-23,L02,P12,VND04,2,24100,14000,0,Concluida
VEN01168,2025-11-21,L08,P04,VND15,3,9700,5600,0,Concluida
VEN01169,2025-09-25,L04,P05,VND07,2,11500,6650,0,Concluida
VEN01170,2025-09-28,L01,P03,VND02,4,7900,4550,0,Concluida
VEN01171,2025-06-09,L08,P04,VND15,5,9700,5600,0,Concluida
VEN01172,2025-08-08,L01,P10,VND02,5,20500,11900,0,Concluida
VEN01173,2025-12-26,L06,P07,VND11,5,15100,8750,0,Cancelada
VEN01174,2025-03-11,L05,P05,VND09,5,11500,6650,10,Concluida
VEN01175,2025-05-19,L06,P11,VND11,3,22300,12950,10,Concluida
VEN01176,2025-01-09,L06,P12,VND11,5,24100,14000,0,Concluida
VEN01177,2025-04-19,L02,P03,VND04,5,7900,4550,10,Concluida
VEN01178,2025-02-16,L06,P09,VND12,5,18700,10850,10,Concluida
VEN01179,2025-10-01,L03,P07,VND06,3,15100,8750,0,Concluida
VEN01180,2025-04-21,L04,P10,VND07,1,20500,11900,0,Concluida
VEN01181,2025-12-23,L04,P12,VND08,2,24100,14000,0,Concluida
VEN01182,2025-10-02,L01,P04,VND02,4,9700,5600,0,Concluida
VEN01183,2025-03-01,L06,P03,VND12,2,7900,4550,0,Concluida
VEN01184,2025-07-16,L01,P06,VND02,1,13300,7700,0,Concluida
VEN01185,2025-08-03,L08,P01,VND16,3,4300,2450,5,Concluida
VEN01186,2025-03-09,L07,P02,VND13,4,6100,3500,10,Concluida
VEN01187,2025-02-13,L08,P03,VND15,4,7900,4550,10,Concluida
VEN01188,2025-08-08,L08,P01,VND15,5,4300,2450,5,Concluida
VEN01189,2025-08-05,L03,P07,VND06,1,15100,8750,0,Concluida
VEN01190,2025-05-07,L05,P11,VND10,2,22300,12950,5,Cancelada
VEN01191,2025-06-04,L03,P05,VND06,2,11500,6650,10,Concluida
VEN01192,2025-01-31,L04,P12,VND07,2,24100,14000,5,Concluida
VEN01193,2025-01-26,L04,P05,VND08,3,11500,6650,0,Concluida
VEN01194,2025-02-11,L02,P09,VND04,4,18700,10850,10,Concluida
VEN01195,2025-08-12,L08,P09,VND15,1,18700,10850,0,Concluida
VEN01196,2025-10-06,L06,P08,VND11,1,16900,9800,0,Concluida
VEN01197,2025-07-24,L02,P10,VND03,2,20500,11900,10,Concluida
VEN01198,2025-12-27,L01,P03,VND01,3,7900,4550,5,Concluida
VEN01199,2025-12-26,L03,P04,VND06,1,9700,5600,0,Concluida
VEN01200,2025-09-04,L05,P09,VND09,4,18700,10850,10,Concluida
VEN00001,2025-01-09,L06,P08,VND12,4,16900,9800,10,Concluida
VEN00002,2025-04-06,L06,P11,VND12,4,22300,12950,5,Concluida
VEN00003,2025-05-28,L02,P08,VND04,1,16900,9800,0,Concluida
VEN00004,2025-05-09,L07,P10,VND14,2,20500,11900,10,Concluida
VEN00005,2025-11-16,L04,P01,VND07,1,4300,2450,5,Concluida
VEN00006,2025-07-28,L03,P05,VND05,2,11500,6650,0,Concluida
VEN00007,2025-06-06,L03,P01,VND05,5,4300,2450,0,Concluida
VEN00008,2025-12-19,L05,P01,VND10,3,4300,2450,0,Concluida
VEN00009,2025-09-11,L03,P10,VND06,4,20500,11900,10,Concluida
VEN00010,2025-04-30,L05,P01,VND09,3,4300,2450,10,Concluida
ERRO001,2025-01-09,L99,P08,VND12,4,16900,9800,10,Concluida
ERRO002,2025-01-09,L06,P08,VND12,-2,16900,9800,10,Concluida
ERRO003,2025-02-30,L06,P08,VND12,4,16900,9800,10,Concluida
ERRO004,2025-01-09,L06,P08,VND12,4,16900,9800,120,Concluida
ERRO005,2025-01-09,L06,P99,VND12,4,16900,9800,10,Concluida
ERRO006,2025-01-09,L06,P08,VND12,4,-1,9800,10,Concluida
VEN00200,2025-11-29,L02,P12,VND03,99,24100,14000,0,Concluida
